User ID,user_name,Twitter Account Duration(till 26/1/2020),Avg. Tweet Rate(per Month),Avg. Retweet Rate(per Month),Avg. Reply Rate(per Month),Avg. Fav Count(per Month),Avg. Retweeted Count(per Month),Avg. Quote Count(per Month),k-shell value
153264772,AaronFinch5,304030564.0,19.164,4.763,4.351,6626.754,1697.68,5.769,0.0
168606635,DaleSteyn62,300376255.0,19.3,9.667,8.643,28615.733,20573.344,5.516,0.0
271690376,glennmcgrath11,278983102.0,15.0,13.127,13.415,1198.712,556.375,1.941,0.0
273557471,root66,278659702.0,10.085,7.01,13.281,7737.924,1196.336,2.574,0.0
45025729,Swannyg66,335753086.0,26.206,13.984,11.897,8523.703,25208.844,15.413,0.0
45452226,henrygayle,335578633.0,34.221,13.18,1.731,39455.147,4734.015,10.19,0.0
92424604,MClarke23,320881900.0,32.554,5.872,6.075,22076.738,2754.369,16.597,0.0
171117515,KP24,299836388.0,80.25,18.2,105.625,296734.188,35389.688,12.625,0.0
84542880,GraemeSmith49,323708597.0,16.28,6.683,6.118,5635.738,12276.238,7.203,0.0
350334760,MahelaJay,267263349.0,27.775,10.423,3.538,14971.175,6244.125,16.861,0.0
409089061,BrettLee_58,259083920.0,22.877,19.863,4.35,23718.192,6506.562,14.014,0.0
87118217,ShaneWarne,322769604.0,53.525,2.103,1.625,52987.034,3916.0,21.068,0.0
256781040,HaydosTweets,281483724.0,12.181,10.387,9.465,3217.385,2394.624,5.969,0.0
263800151,josbuttler,280211670.0,11.631,5.614,15.032,11076.533,6188.543,3.809,0.0
32453930,TigerWoods,340013508.0,8.881,2.56,1.083,47373.68,8242.43,1.761,0.0
42610327,DGoughie,336657614.0,17.382,8.714,67.114,2591.6,4156.257,3.742,0.0
97893963,MichaelVaughan,318769202.0,105.12,27.773,1.167,270682.88,40885.68,41.625,0.0
139876086,ABdeVilliers17,307068555.0,16.211,6.683,8.755,46881.427,6199.5,1.739,0.0
196235064,flintoff11,294303369.0,34.18,17.759,2.27,12469.148,4706.934,18.741,0.0
215138502,darren_lehmann,290380096.0,29.646,28.833,10.047,3915.367,42889.469,21.217,0.0
350224247,KumarSanga2,267277622.0,10.178,8.072,17.485,14674.39,3267.712,2.94,0.0
204002663,StuartBroad8,292658103.0,24.592,11.49,29.58,41930.18,6380.3,11.796,0.0
248883264,benstokes38,282878220.0,17.229,5.634,9.537,26404.202,4576.028,5.597,0.0
127765218,davidwarner31,310071772.0,36.542,19.14,3.05,64353.574,30939.984,14.542,0.0
271292659,Gmaxi_32,279047790.0,16.266,8.009,6.456,10519.821,3583.848,4.429,0.2
343512172,JasonRoy20,268207835.0,19.413,4.52,8.651,6743.934,12507.575,2.65,0.2
45022448,jimmy9,335753858.0,8.434,5.523,14.626,6522.6,2173.426,2.883,0.2
135180139,faf1307,308220109.0,12.06,6.689,13.576,9468.533,1730.942,2.244,0.2
185902260,stevesmith49,296600582.0,13.252,2.455,8.688,10081.302,910.24,2.042,0.2
187890010,Eoin16,296134425.0,10.669,6.609,5.37,4646.438,7095.352,4.811,0.2
210792232,wasimakramlive,291382904.0,8.516,2.5,3.196,30862.429,4012.484,2.469,0.2
219247004,Uz_Khawaja,289403679.0,14.102,2.75,14.375,2189.587,1266.22,1.867,0.4
317708215,JamesFaulkner44,271862235.0,15.331,6.889,14.8,992.294,1469.933,3.509,0.4
1337785291,rogerfederer,214536372.0,14.247,4.84,8.327,191693.263,41294.411,7.684,0.6000000000000001
228299509,tdpaine36,287246238.0,4.558,11.575,14.009,243.319,1101.062,2.377,0.6000000000000001
547922610,AlexHales1,246170952.0,9.965,3.782,37.846,4505.292,2567.708,2.062,1.0
412781038,DavidHussey29,258667858.0,11.226,7.309,5.237,1338.733,695.25,4.097,1.2
242567007,RossLTaylor,284074243.0,9.222,9.024,21.141,2412.288,874.231,1.692,1.4
254783152,chriswoakes,281834396.0,11.463,5.462,7.337,1822.328,3345.176,2.429,1.4
285332860,WayneRooney,276653568.0,13.579,7.204,7.367,83061.837,38895.252,3.158,1.4
842089302,Mitch_Savage,231575256.0,20.237,3.163,31.95,21116.4,5716.4,6.357,2.0
873334429,alanwilkins22,230047975.0,15.5,48.906,36.188,15037.062,116711.75,11.312,2.0
27042513,RealHughJackman,341824490.0,30.36,2.739,6.305,296533.483,36863.371,3.093,3.0
813286,BarackObama,406864295.0,36.368,6.436,4.226,2443208.169,473704.987,2.562,4.0
44196397,elonmusk,336023251.0,7.0,2.0,31.0,2101417.0,194208.0,1.0,4.0
50393960,BillGates,334127750.0,24.638,2.386,2.961,103858.319,33333.75,2.86,4.0
20571756,satyanadella,345669266.0,8.082,5.578,1.889,8389.293,3697.434,3.657,4.0
15469101,EvelynRusli,363687840.0,9.365,2.778,30.863,250.952,239.855,1.829,4.2
23083404,KingJames,343640047.0,29.986,10.507,5.467,1277799.795,285418.247,18.431,4.2
2384071,timoreilly,405038755.0,28.8,44.029,19.743,1734.4,83322.886,20.971,4.2
241654941,Martyguptill,284268987.0,11.5,14.3,14.08,1343.394,418.279,1.52,4.2
261598082,7polly7,280597122.0,9.57,2.541,4.2,1360.496,862.982,2.235,4.2
26565946,jtimberlake,341988550.0,19.175,8.24,8.261,113754.495,48709.076,6.273,4.2
652193,mgsiegler,410988751.0,82.455,99.455,113.0,6065.091,559835.545,45.273,4.2
74130577,emilychangtv,327070437.0,29.935,14.968,8.5,1770.375,13266.688,8.362,4.2
12901712,bchesky,378237908.0,6.947,9.901,21.737,5268.231,16764.519,2.385,4.2
15828408,SusanWojcicki,361420549.0,12.33,3.6,2.39,5747.446,13909.01,5.562,4.2
16246929,danprimack,358832715.0,204.556,87.444,68.667,20909.889,106649.556,43.222,4.2
5252591,bgurley,402991365.0,25.758,22.788,49.636,8114.364,7355.515,22.455,4.2
817288,gaberivera,406748169.0,22.205,1.692,59.974,1752.846,1116.641,9.256,4.2
10078,reidhoffman,418464969.0,13.458,24.012,3.237,1260.429,47824.631,6.5,4.2
5763262,karaswisher,401722058.0,177.25,233.0,401.75,80232.5,299774.0,108.25,4.2
586,sacca,427215251.0,31.125,159.0,215.0,46378.125,1399774.25,64.125,4.2
14130366,sundarpichai,374695687.0,5.702,4.893,2.724,18613.856,8414.082,3.203,4.2
2529971,cdixon,404979120.0,21.158,16.864,19.468,2662.897,19444.485,3.429,4.2
20263710,rabois,346048045.0,36.818,3.125,256.364,12970.091,924.182,26.636,4.2
20348377,jeffweiner,345934644.0,29.588,3.397,5.825,1588.322,1720.467,1.353,4.2
47539748,Bill_Gross,334871106.0,29.338,3.826,12.189,7795.936,3708.397,7.881,4.2
14123683,andy_murray,374751424.0,16.283,3.857,15.933,16136.101,16362.532,1.812,4.4
19040598,MikeIsaac,347940911.0,62.875,44.625,297.875,53657.125,148353.75,24.875,4.4
21447363,katyperry,344823244.0,60.8,3.923,4.682,706743.26,137496.76,8.479,4.4
240664869,HKane,284467935.0,12.873,4.78,5.816,111061.889,13864.571,2.981,4.4
259925559,DjokerNole,280894538.0,19.78,5.234,5.845,78637.0,15631.076,6.029,4.4
36823,anildash,414945885.0,53.5,321.75,433.75,15500.5,600993.5,146.5,4.4
3980884039,SteelyDan66,134474051.0,16.623,2.579,9.197,7406.217,1005.913,4.047,4.4
79293791,rihanna,325477347.0,26.939,3.591,5.75,807545.35,215101.3,2.12,4.4
133880286,LeoDiCaprio,308541347.0,8.298,11.193,1.333,49110.22,24444.235,3.259,5.0
344634424,RafaelNadal,268060558.0,21.559,3.037,4.782,69951.449,19842.373,2.981,5.0
15846407,TheEllenShow,361310958.0,116.375,2.85,18.136,846910.375,143332.042,6.286,5.2
26589987,serenawilliams,341981967.0,24.99,3.529,6.899,80050.567,16475.67,3.484,5.2
115485051,ConanOBrien,313472564.0,35.652,1.48,2.0,310927.236,41075.034,1.308,5.4
1339835893,HillaryClinton,214466125.0,35.857,13.529,10.898,1851785.732,434464.607,11.455,5.4
27260086,justinbieber,341738318.0,26.913,17.18,7.711,2161608.797,1075719.159,6.44,5.4
21982720,ariannahuff,344367259.0,128.5,63.75,11.267,21100.875,188763.312,14.562,5.6
250831586,TheRock,282534350.0,57.879,23.0,18.03,456893.758,51022.606,37.312,5.6
11113,mat,417757584.0,86.444,200.889,72.222,3662.778,293684.222,51.111,5.8
1330457336,BillClinton,214783940.0,9.283,2.016,2.341,124358.919,29911.071,2.615,5.8
14230524,ladygaga,373425732.0,27.377,8.514,6.726,967110.727,245372.831,6.367,5.8
166739404,EmmaWatson,300851603.0,8.193,7.17,5.327,138322.317,64409.817,1.71,5.8
65375759,zeynep,329822858.0,34.6,75.2,540.2,95209.0,56241.4,120.2,5.8
3496641,reckless,404242025.0,97.556,34.667,195.222,39001.111,46058.444,37.222,5.8
1769191,mims,405500321.0,26.0,2.529,96.5,475.529,934.647,8.0,6.0
216776631,BernieSanders,289980368.0,138.167,33.647,12.6,4856097.0,869995.056,29.588,6.0
23289019,moskov,343497366.0,8.056,19.057,63.5,1739.194,92958.417,8.765,6.0
2893511188,VancityReynolds,162978453.0,13.875,3.561,21.5,785371.537,147040.038,6.015,6.0
47285504,MarkRuffalo,334945373.0,95.5,286.0,22.0,769439.0,1737041.75,108.0,6.0
22084427,robdelaney,344302840.0,84.0,131.444,143.111,328490.667,535394.889,56.556,6.0
443215941,Sethrogen,255487328.0,16.312,7.778,78.625,1105580.156,178195.812,6.844,6.0
52551600,JimCarrey,333594076.0,17.176,11.5,31.162,162788.194,34366.389,1.909,6.0
110520327,asymco,314938632.0,71.5,189.333,280.0,3800.167,53574.0,45.167,6.2
124335068,markwahlberg,311031725.0,9.955,2.07,3.0,22585.735,3440.059,2.439,6.2
255747911,TheElliotPage,281663734.0,11.349,58.977,3.935,81726.152,214765.043,19.318,6.2
288333760,MariaSharapova,276157997.0,24.067,10.118,3.897,59153.809,14200.371,10.657,6.2
4607065693,waqyounis99,129431451.0,10.806,4.128,5.28,30638.468,4226.323,2.5,6.2
23151437,KevinHart4real,343605449.0,79.312,22.483,1.538,192406.594,24150.062,24.344,7.0
100220864,BrunoMars,317904776.0,21.857,4.646,5.055,229421.393,86662.491,8.833,7.2
241382835,prattprattpratt,284328659.0,22.118,11.311,7.623,155034.495,29934.768,14.045,7.2
35936474,KDTrey5,339115524.0,13.306,5.022,22.194,101420.529,34688.265,3.556,7.2
2715115656,JeremyRenner,172559808.0,20.062,3.875,2.237,96216.16,38856.84,3.725,7.4
75974281,SamuelLJackson,326481176.0,25.841,2.354,4.507,82280.822,23745.206,1.967,7.4
3327720838,brielarson,145603635.0,14.18,36.265,13.479,341882.039,381801.098,14.522,7.6
34507480,ArianaGrande,339541409.0,69.0,10.619,43.24,7008983.464,846356.179,37.964,7.6
47786101,RobertDowneyJr,334799272.0,6.871,3.543,3.423,345663.647,73534.294,1.609,7.6
162124540,gdb,301897311.0,8.529,4.614,20.253,1121.82,749.568,6.846,7.8
181561712,Harry_Styles,297510054.0,20.2,2.702,16.397,2682115.538,1441130.894,1.0,7.8
216939636,AndrewYNg,289945249.0,10.737,2.094,2.635,6346.255,8145.069,1.759,7.8
22938914,stevewoz,343726540.0,42.493,1.667,5.0,2481.192,1738.466,1.0,7.8
391037985,twhiddleston,261362354.0,13.394,5.569,16.8,65410.015,27516.284,2.455,7.8
68746721,fchollet,328776635.0,67.176,39.941,83.824,34599.471,190248.294,21.941,7.8
15705567,rafat,362279279.0,137.273,84.727,73.364,1842.909,75504.818,42.273,8.0
158487331,neymarjr,302756433.0,25.105,1.86,17.414,1146069.872,142378.756,2.973,8.0
22959763,jacindaardern,343717369.0,21.767,3.732,29.39,10144.215,1624.877,2.357,8.0
2806267256,NAFFLY,169437242.0,9.988,3.076,13.387,8691.598,554.463,1.15,8.0
2833268733,nitr0,166563676.0,30.574,5.519,24.241,37300.185,17325.333,3.8,8.0
3105133073,YNk,152954951.0,26.972,21.75,41.028,19061.694,37066.194,10.543,8.0
3220885052,fer,147912769.0,26.438,11.188,61.667,152998.667,16972.03,3.615,8.0
33836629,karpathy,339700245.0,18.35,5.597,16.825,6893.2,8261.1,2.016,8.0
398092540,realmikefox,260440379.0,6.271,2.726,7.062,7103.582,3101.516,1.571,8.0
84351228,timberners_lee,323771413.0,3.569,3.759,2.821,1335.321,7813.007,1.949,8.0
2363543587,shoxCSGO,186526229.0,31.632,9.649,15.632,20829.123,6149.789,3.755,8.0
3038925132,Twistzz,155236930.0,21.576,6.727,27.22,20147.678,12849.169,3.176,8.0
3351760203,G2NiKo,144325123.0,23.528,7.627,30.075,52400.352,3213.407,1.682,8.0
3382415499,coldzera,142729872.0,20.177,5.925,28.017,39208.935,1743.694,3.346,8.0
3644811674,Stewie,137101856.0,30.792,5.432,31.875,100017.5,8124.646,2.222,8.0
16409683,britneyspears,357880345.0,24.889,5.661,16.245,210556.446,60879.916,4.036,9.0
624056226,TomHolland1996,238829435.0,10.084,4.333,5.106,143394.034,46060.483,2.833,9.0
552121630,karengillan,245736677.0,21.94,9.81,6.841,88977.595,28768.488,5.903,9.2
117777690,jeremycorbyn,312797677.0,87.417,41.667,6.364,970651.083,339504.333,12.5,9.4
183310940,TheSlyStallone,297151379.0,24.868,4.111,5.455,32477.242,5793.648,1.0,9.4
213969309,LewisHamilton,290625091.0,21.073,3.25,3.286,409449.349,41490.0,2.0,9.4
259725229,ValaAfshar,280924111.0,577.333,479.333,25.0,361200.0,1136884.667,29.333,9.4
305694283,MargotRobbie,273567537.0,3.96,1.0,5.857,6750.215,1362.684,1.0,9.4
325830217,VP44,270694338.0,44.763,9.161,2.667,38740.0,19261.678,2.538,9.4
492399548,ZacEfron,250755820.0,11.788,7.083,4.286,151466.827,32105.49,2.448,9.4
103065157,David_Cameron,317018185.0,25.563,3.286,1.526,11296.864,7981.184,1.8,10.0
1708443876,summit1g,202265867.0,64.208,6.667,64.542,196939.375,14007.083,5.043,10.2
19968025,katecrawford,346331874.0,9.758,7.183,32.864,2643.939,12129.212,3.733,10.2
214413743,danielricciardo,290525036.0,15.12,4.06,6.0,28507.564,6827.2,2.5,10.2
2240432905,cilic_marin,193245757.0,5.477,4.18,5.32,2666.385,635.549,1.677,10.2
224223563,3gerardpique,288182357.0,18.048,5.029,3.689,96785.72,57446.632,4.348,10.2
225539878,MichaelPhelps,287896350.0,21.308,9.268,5.0,9987.054,5596.464,2.353,10.2
2401374210,AzharAli_,184597641.0,11.893,6.514,9.938,28419.354,4447.734,6.824,10.2
2538115178,vanessabayer,178431208.0,7.709,7.418,7.429,2012.732,11585.256,2.733,10.2
3131144855,BorisJohnson,152077451.0,56.308,23.605,5.2,423498.051,88059.308,4.676,10.2
932446861,JustineGreening,227690499.0,14.894,33.831,1.706,2257.894,7161.409,6.109,11.0
512700138,Madonna,249254523.0,42.289,1.643,1.182,173145.092,32798.539,1.167,11.2
326184301,Anna_Soubry,270639198.0,90.214,94.571,47.071,109622.143,154388.071,62.857,11.2
16939148,delbius,355191555.0,5.699,2.69,26.333,220.64,32847.58,2.061,11.4
178088940,ColinJost,298263129.0,16.286,6.632,12.044,2908.21,819.85,3.267,11.4
2271025438,neill_bob,190715082.0,20.812,71.906,8.625,1472.094,13531.188,20.156,11.4
243905905,LisaKudrow,283816006.0,7.733,10.264,8.544,3960.179,1373.974,1.5,11.4
2543588034,clattner_llvm,178192373.0,3.767,6.298,4.958,793.306,981.259,2.625,11.4
3333052551,hugo_larochelle,145346102.0,6.016,17.111,14.662,386.389,50477.542,4.235,11.4
4274372981,BryceDHoward,131542229.0,26.09,5.592,7.091,28209.104,10379.537,9.319,11.4
507672047,alo_oficial,249546263.0,32.941,23.84,7.12,124866.49,25625.431,6.039,11.4
532241033,LiamFox,247659144.0,28.85,49.2,5.81,4444.525,6692.325,7.921,11.4
805185025,BobBlackman,233125269.0,34.286,105.682,8.81,6652.773,47861.864,16.952,11.4
328576792,DrPhillipLee,270284809.0,18.613,10.149,8.182,5084.097,11377.108,9.235,11.4
426738834,Guaje7Villa,257152600.0,20.071,5.361,1.844,29606.717,10966.664,6.246,12.0
344801362,DavidLuiz_4,268040528.0,19.423,5.298,2.04,23994.302,11757.594,1.429,12.2
104249727,joejonas,316672260.0,33.265,10.984,4.649,348950.13,107777.391,3.745,12.4
1060487274,RepDougCollins,222689765.0,45.317,5.611,3.417,99220.381,36256.429,6.509,12.4
1209417007,SteveScalise,218440153.0,54.682,89.409,2.9,307744.591,183238.273,34.0,12.4
2353605901,GOPChairwoman,187077272.0,174.818,95.727,10.9,753171.545,462094.727,61.455,12.4
253340075,theJagmeetSingh,282090100.0,91.125,20.273,25.708,111470.167,23552.25,21.625,12.4
394581283,Torres,260894209.0,9.319,8.014,1.645,46769.473,21516.624,1.853,12.4
533085085,MesutOzil1088,247578429.0,18.644,1.167,2.871,537934.446,105510.624,4.848,12.4
963480595,MarkMeadows,226445950.0,42.225,34.775,6.045,354498.075,171414.675,18.462,12.4
176566242,zaynmalik,298605950.0,16.358,4.602,9.895,1332010.593,833547.724,5.5,12.6
2396677714,MoSalah,185628243.0,11.068,2.946,5.455,733098.727,63954.636,1.429,12.6
2750127259,RepLeeZeldin,171434053.0,53.841,16.886,4.214,172251.886,106543.886,11.571,12.6
365822838,missyfranklin,265153080.0,14.009,6.434,11.938,3665.848,31434.33,2.143,12.6
366592246,hazardeden10,265027409.0,9.843,5.896,3.93,36281.481,14503.704,1.25,12.6
368448364,JAdomian,264753950.0,16.471,128.588,42.882,10248.294,439282.588,41.824,12.6
543533194,21LVA,246613260.0,6.779,2.883,4.548,34280.139,6193.149,1.412,12.6
606211203,gianluigibuffon,240508684.0,16.556,26.274,2.591,34789.802,10760.703,1.312,12.6
932429090,MarceloM12,227690835.0,13.731,8.19,2.929,56199.084,21202.284,2.233,12.6
1085665639,CaroGarcia,221924535.0,12.917,11.013,3.132,4432.828,3082.717,3.765,12.8
17444309,joelgascoigne,353057851.0,9.692,7.605,63.275,1975.375,13439.2,3.971,12.8
187428929,simonhelberg,296245177.0,12.406,22.583,6.315,2305.822,54082.782,14.955,12.8
223165982,luchogarcia14,288431934.0,27.419,2.811,8.181,22257.616,7339.116,6.808,12.8
2244953047,pokimanelol,193003178.0,18.955,5.773,122.909,1328299.318,76740.636,1.429,12.8
2498274386,TimeaOfficial,179760110.0,13.403,5.803,6.338,2097.146,3592.5,4.681,12.8
2563909904,BelindaBencic,177397309.0,11.61,6.519,3.939,6987.078,4608.545,5.719,12.8
2678072634,blakelively,173758659.0,3.6,1.333,2.5,102950.375,17821.375,2.333,12.8
2797521996,DavidDavisMP,169829301.0,17.541,2.605,6.75,10881.557,3949.082,2.892,12.8
35348026,RyanLochte,339292553.0,21.519,7.062,8.574,9216.264,2984.236,1.077,12.8
377723724,JCrossover,263343847.0,159.733,34.071,24.6,355247.8,297588.267,111.267,12.8
4140881832,DrLupo,133223139.0,113.182,13.182,168.818,361257.909,79209.455,7.636,12.8
611986351,KimDotcom,239944589.0,57.871,28.871,31.824,45610.0,144751.548,16.1,12.8
63770845,MattBesser,330333031.0,15.517,6.991,6.25,689.672,367.869,4.785,12.8
830685463,KikiMladenovic,232036562.0,21.0,25.952,3.188,9462.621,4941.212,3.852,12.8
91798218,robbeckettcomic,321096893.0,35.289,15.127,23.0,16965.052,20967.638,12.35,12.8
2602158362,Simona_Halep,175580221.0,8.328,1.167,3.214,35289.606,2378.985,3.333,12.8
481461757,AngeliqueKerber,251784595.0,9.651,8.485,2.842,8323.136,1962.673,1.645,12.8
533202479,Petra_Kvitova,247569114.0,20.514,2.677,6.425,16428.865,1432.189,3.063,12.8
802295798,NastiaPav,233237158.0,20.094,9.366,6.344,1630.041,801.753,6.507,12.8
104615636,BBCRoryCJ,316577709.0,20.05,3.489,8.51,187.991,1328.955,1.321,13.0
107512859,joshduhamel,315804470.0,23.011,10.19,2.824,7903.24,3232.823,9.419,13.0
1112722104,EvangelineLilly,221105133.0,27.86,6.614,25.686,17106.0,23207.614,2.222,13.0
1130156892,HappyElishas,220558126.0,9.716,6.974,9.694,792.34,38282.138,2.636,13.0
160952087,NicolaSturgeon,302171658.0,53.4,90.15,18.55,469648.65,115216.45,40.6,13.0
233386754,missmorenab,285973226.0,19.455,5.991,4.365,25576.379,9790.613,3.138,13.0
258896042,dan_aykroyd,281077456.0,5.674,2.167,1.8,1093.12,607.207,1.0,13.0
26090319,KeshaRose,342154323.0,31.011,3.018,5.727,84004.527,19963.429,2.793,13.0
309133460,ECavaniOfficial,273053316.0,18.239,1.629,3.375,51223.322,6580.278,2.5,13.0
4348237453,Matt_LeBlanc,131602399.0,8.034,3.87,9.733,12887.088,4784.676,5.529,13.0
462104542,chuckwoolery,253614559.0,395.857,49.286,17.0,386342.286,177716.0,28.429,13.0
274328258,deepakobhrai,278537767.0,17.718,6.0,4.557,109.075,1354.598,12.875,14.0
833988769,CandiceBergenMP,231913797.0,19.0,47.83,3.31,6215.319,15424.404,20.468,14.0
106499398,officialbhoy,316067668.0,4.477,1.54,2.079,317.875,10438.312,1.469,14.2
1143472657,ValtteriBottas,220156240.0,26.286,23.19,3.421,68078.825,10286.905,2.667,14.2
178463040,Cumberbitches,298177395.0,21.706,12.457,15.412,904.817,21214.524,2.222,14.2
2352142008,DianaRoss,187159098.0,8.224,1.438,3.25,12752.239,2338.09,1.571,14.2
2354090707,Lurn,187047572.0,45.52,5.826,78.72,21377.6,45517.56,2.857,14.2
256360738,AndrewScheer,281560049.0,117.208,12.545,11.286,52599.333,17318.875,22.8,14.2
2745557490,aftgomes,171530398.0,11.85,3.255,5.242,24345.037,3764.225,2.233,14.2
277276900,JordanaBrewster,278028671.0,15.308,18.768,12.017,4013.553,13743.376,3.909,14.2
344183143,TonyTodd54,268122803.0,183.0,423.4,33.6,5718.0,337831.4,24.8,14.2
4405311267,Amed_Rosario,130500546.0,31.674,19.025,6.514,2780.152,1023.478,32.92,14.2
451649471,PauDybala_JR,254633893.0,12.21,7.135,3.812,86312.888,17905.215,2.477,14.2
515980805,itsMichaelJ,249006150.0,43.603,13.111,1.0,7499.647,14526.206,1.25,14.2
52939106,JanetJackson,333495252.0,13.78,4.81,1.455,47040.883,10307.305,3.333,14.2
818238024,lamelaza_7,232597251.0,17.89,15.651,4.744,3880.256,2208.86,1.391,14.2
174972753,Writer_DG,298999718.0,130.091,157.0,9.222,63738.545,19194.545,148.182,14.2
18662816,teachwithsoul,348779297.0,30.789,37.525,14.921,114.3,46734.85,17.051,14.4
69436408,ClareBaileyGPNI,328581754.0,8.0,24.083,8.947,377.083,11750.542,8.158,14.4
2596145105,MrJJMitchell,177644946.0,3.621,1.756,4.257,5.576,162.667,1.143,14.4
779452,betchaboy,408150441.0,37.0,10.933,53.781,427.281,30959.594,4.103,14.4
354464050,House_Flippin,266733473.0,168.8,1.667,5.667,304.429,1194.571,0.0,14.4
1364365273,SamTongeWriter,213620544.0,112.8,306.2,231.0,1266.4,91326.8,53.2,14.4
1712831,ruhanirabin,405544811.0,458.857,5.0,7.333,87.714,182.0,2.5,14.4
4132841,mcleod,403724414.0,396.0,340.5,71.75,661.5,422006.5,251.75,14.4
159072934,adept_education,302618664.0,19.417,9.276,7.393,14.367,5342.163,3.245,14.4
736843656,MrAndiPrice,235905550.0,135.875,166.0,98.75,583.25,1180.75,142.5,14.4
24852465,carlyraejepsen,342722949.0,24.609,9.12,5.583,34561.874,25736.516,2.667,14.4
521721536,Author_DDB,248493299.0,5.197,10.844,3.038,32.44,6532.619,2.0,14.4
19433169,novelista,347221406.0,19.577,12.667,10.493,98.963,9905.7,3.189,14.4
114936799,Barnaby_Joyce,313621553.0,18.245,5.892,10.646,570.651,1064.453,1.842,14.4
42836999,RachelNotley,336587500.0,429.0,149.8,70.8,108202.6,36372.8,67.4,14.4
2230417592,AdrienneTacke,193809798.0,24.538,8.519,43.556,520.171,12633.268,14.25,14.4
21189360,JimAllister,345038303.0,60.2,148.8,6.643,8083.867,22398.733,33.467,14.4
802751,funnyindian,407271496.0,16.792,4.436,11.278,81.33,4741.368,1.733,14.4
16485564,brholland,357473383.0,49.133,61.529,87.938,182.529,115359.588,22.75,14.4
189249484,LuisCessaMx,295849525.0,7.832,8.968,8.97,1251.984,4138.087,2.139,14.4
505516379,Enghumbhini,249673546.0,100.667,500.333,475.333,10696.333,6869.0,81.0,14.4
20859801,amweston,345363755.0,25.036,6.13,11.812,24.048,3148.19,3.158,14.4
212009144,LegoJames,291088760.0,10.464,29.875,17.418,134.661,48634.464,9.0,14.4
24490456,LBardugo,342902988.0,27.333,6.773,88.692,42227.259,17101.63,19.296,14.4
26492874,jtoop,342010167.0,9.436,9.429,5.08,49.614,1606.114,5.444,14.4
75401545,relativism,326684441.0,12.576,50.824,33.03,115.0,29744.706,14.323,14.4
417615653,edsouthall,258144539.0,55.667,59.333,154.833,3391.667,128964.0,24.0,14.4
33141453,lvojvodich,339877373.0,26.556,18.155,2.25,86.181,12986.639,13.014,14.4
17732485,owexelstein,352040140.0,14.125,7.655,24.119,4.51,895.656,1.571,14.4
125733443,eric_sink,310629406.0,9.069,4.597,19.505,98.771,366.781,1.629,14.4
43107557,NSRiazat,336479853.0,34.875,153.933,23.733,163.312,43282.312,14.2,14.4
262909861,TeUruroaFlavell,280365561.0,21.671,11.978,9.754,107.506,90.506,2.263,14.4
75962440,nathenstridge,326487098.0,6.855,4.922,5.203,146.148,6311.506,2.643,14.4
1284314354,imisschalk,216182189.0,16.091,27.227,5.475,54.091,70501.152,11.692,14.4
3140530768,KllyVe,151668080.0,9.0,3.31,12.8,134.93,5348.394,1.538,14.4
89760824,JohnTory,321859978.0,294.75,84.875,26.625,38090.25,15123.625,10.75,14.4
140182966,GenesiaR,306991081.0,4.58,25.131,9.916,22.674,2126.18,1.828,14.4
18619979,balletrusse,348875707.0,24.966,5.738,8.254,490.537,306.4,1.25,14.4
3059859970,c_cadar,155192883.0,2.422,2.667,1.878,40.883,556.052,1.791,14.4
10326832,neilabercrombie,384711636.0,77.348,55.545,9.75,59.261,943.043,0.0,14.4
2869103344,thelaceylondon,164450547.0,181.692,67.231,1.5,7357.077,3374.846,2.8,14.4
3739172836,rogerjpope,137068832.0,10.56,7.0,2.0,54.692,11764.615,4.2,14.4
39330733,DevonESawa,337923886.0,294.833,37.0,209.667,177441.667,298395.333,108.833,14.4
835377572,kennygfrederick,231855765.0,2.667,1024.667,50.333,154.333,650441.333,155.333,14.4
16446177,TeamBachmann,357683290.0,25.845,15.133,7.059,39.22,493.831,0.0,14.4
2992054909,garricn,158086182.0,24.19,35.27,22.366,85.068,24680.136,17.029,14.4
3367805001,MrBoothY6,143538266.0,76.0,16.0,547.8,22253.4,2785.0,14.8,14.4
53085019,robmclennanblog,333450064.0,109.2,336.0,203.6,1388.0,91354.0,80.8,14.4
21948974,paulchowdhry,344386942.0,22.692,5.262,4.821,2253.856,812.644,4.46,14.4
60550677,nikkikaye,331308806.0,32.492,7.316,15.107,668.033,1713.45,1.8,14.4
2156089227,goodman_ang,197101764.0,14.055,12.0,30.4,136.464,8483.143,3.108,14.4
2467551354,WatsEd,181315133.0,44.636,51.091,50.773,304.364,39838.455,14.818,14.4
836279665,erinbelieu,231824896.0,48.5,236.625,119.625,1270.5,821852.0,88.0,14.4
33394729,SpeakerTrevor,339800996.0,15.733,128.533,72.133,1096.0,15215.933,22.467,14.4
2305002626,LynnMelnick,189593250.0,28.357,37.107,48.107,806.25,39777.679,13.5,14.4
21193650,iamtimdavis,345034270.0,3.424,3.271,2.442,16.293,5458.576,1.524,14.4
295740548,RealJaQuavis,275040525.0,15.239,9.811,10.303,204.38,7235.924,3.419,14.4
2450894937,JennaLucas81,183691273.0,6.571,40.914,45.171,221.886,17636.8,6.355,14.4
500849404,DonnaVekic,249988488.0,15.009,6.375,7.408,2290.071,6055.858,3.204,14.4
635604793,hegartymaths,237702585.0,11.432,49.73,25.829,400.564,292.795,12.485,14.4
1059061369,rblancopoet,222740769.0,19.771,8.306,19.769,157.552,4330.25,7.571,14.4
68418583,Doctob,328873069.0,6.5,1.0,118.808,1413.923,174.923,1.167,14.4
3303531875,AidanSevers,147021340.0,107.333,68.5,365.167,2953.167,21803.667,38.333,14.4
67323353,GelosSnake,329219508.0,24.111,26.528,39.417,468.611,22128.306,7.333,14.4
3374231,mxcl,404352432.0,13.628,3.947,12.788,1073.791,6761.279,3.069,14.4
2236298000,danalevinpoet,193475265.0,57.0,75.636,162.636,3775.727,58813.364,32.636,14.4
28409997,paulalbennett,341293471.0,17.577,25.612,16.517,869.19,2105.155,5.13,14.4
2592160667,ChelsDingman,177761257.0,27.273,199.0,64.818,2174.909,33790.636,24.273,14.4
377326135,leah_moo,263390490.0,32.24,24.12,73.12,297.44,37018.48,11.24,14.4
148872468,MaryLouMcDonald,305003305.0,50.786,128.929,51.571,55797.071,21586.429,37.0,14.4
20870409,carolinebreyley,345352402.0,8.219,63.406,29.719,88.281,2479.156,15.29,14.4
2492711598,mathsjem,180021916.0,28.077,81.538,140.0,2517.692,4793.923,23.462,14.4
531346364,MarkRPriestley,247739997.0,101.75,211.25,104.286,1339.25,321543.0,83.125,14.4
107642576,tauhenare,315767297.0,178.75,105.25,527.25,5335.75,60948.0,39.0,14.4
19188399,Adamprice,347615645.0,52.111,50.074,17.222,17919.852,6927.333,14.889,14.4
14429563,SmileyKeith,371505173.0,12.073,3.321,45.273,434.382,41946.636,3.6,14.4
61762271,alizecornet,330952472.0,22.398,7.602,7.267,4775.079,9366.775,2.597,14.4
366935179,stevenljoyce,264978741.0,25.73,6.895,14.583,574.284,370.676,2.5,14.4
70502952,mikeyfuntime,328243372.0,3.055,2.512,11.0,551.207,2986.793,1.885,14.4
817668451,jms_dot_py,232618540.0,101.833,124.833,312.667,1485.333,642009.0,76.5,14.4
756278,ChrisPirillo,409118334.0,131.375,137.5,135.25,2135.0,493867.375,47.625,14.4
4338481,alexisgallagher,403620626.0,40.769,7.833,201.923,1019.462,19365.538,32.231,14.4
295610884,ElinaSvitolina,275058318.0,11.65,9.43,2.419,7241.99,11446.981,3.418,14.4
12692452,anton_chuvakin,378709799.0,17.611,68.778,93.667,565.111,50369.333,8.556,14.4
27096905,abbiemann1982,341808898.0,23.042,30.125,82.083,702.48,22499.24,12.261,14.4
794329,davidkarp,407546451.0,1.0,1.5,1.5,484.8,162.3,0.0,14.4
375246970,OphirHarpaz,263708582.0,13.902,7.162,30.783,759.784,9038.294,6.61,14.4
588707774,LeslieUggams,242175688.0,11.491,6.393,2.838,363.731,2684.676,3.845,14.4
1928909924,TianaClarkPoet,199231759.0,18.375,17.0,167.438,2533.562,23609.812,15.571,14.4
32939851,pamfoundation,339923156.0,57.4,90.0,17.474,43967.8,57333.75,4.375,14.4
20002401,RepSteveIsrael,346302870.0,36.944,7.433,2.12,785.028,8934.528,5.074,14.4
2549031829,kate_manne,177977747.0,51.545,62.636,180.273,32395.545,78138.273,30.909,14.4
108654496,RuthCadbury,315472201.0,82.929,104.357,44.357,2140.929,54023.0,60.643,14.4
1543121,DanielMiessler,405665142.0,41.087,34.136,67.261,2496.826,135467.13,8.455,14.4
16290599,beccadax,358551553.0,11.24,84.44,31.96,195.44,541419.92,27.12,14.4
1306312784,TheLewisTan,215644327.0,23.395,8.7,55.158,16903.632,16438.868,6.206,14.4
477802917,sianberry,252144694.0,48.0,504.8,119.25,11344.8,84106.6,155.4,14.4
275799277,ArleneFosterUK,278289705.0,27.446,29.304,2.217,6929.982,8694.232,8.648,14.4
29406343,citizencurran,340906939.0,57.5,47.562,97.5,1574.562,158570.062,42.938,14.4
14538949,MichelleRempel,370817347.0,77.526,22.053,71.316,41070.0,15015.579,46.474,14.4
162069635,RepCohen,301913379.0,91.913,35.174,13.652,30949.652,73644.174,39.826,14.4
610533,acedtect,411807577.0,79.273,20.545,195.636,2980.727,10444.182,10.273,14.4
309669413,KathleenOssip,272975135.0,15.662,8.167,20.528,221.12,39291.547,3.556,14.4
174736204,Kris_Boulton,299051944.0,15.657,26.306,47.27,127.135,12490.73,9.833,14.4
166154241,graydon_pub,300969216.0,22.792,34.083,70.346,1025.5,68567.5,10.0,14.4
91942557,davidmackkabuki,321043376.0,76.538,95.308,76.538,6105.462,49218.385,84.308,14.4
135483288,alanpeat,308143291.0,23.205,60.478,49.4,64.523,4450.341,8.278,14.4
248186795,coyleneil,282999593.0,131.286,67.857,33.0,9754.786,42874.0,98.643,14.4
15361570,jaredpolis,364424156.0,20.196,25.982,11.821,6451.482,58262.946,5.36,14.4
424277262,MichaelFullan1,257415498.0,19.357,1.51,5.585,629.365,272.346,19.387,14.4
31611298,jahimes,340147287.0,42.135,16.921,27.395,33335.789,129761.053,18.459,14.4
76722822,Catriona_O,326264732.0,14.92,5.104,24.75,64.507,323.213,6.0,14.4
3397145679,TajyMany,141643625.0,10.985,28.47,8.429,293.879,695.576,5.0,14.4
36790140,SirMattBourne,338866983.0,29.241,47.448,35.069,8153.517,18925.621,19.897,14.4
55687338,lraitt,332730835.0,46.767,38.3,22.967,14492.333,30361.433,30.567,14.4
24149001,grantrobertson1,343061036.0,29.043,24.064,15.447,3470.064,4342.766,8.756,14.4
231756759,olebegemann,286375322.0,15.638,19.87,34.0,1157.106,28391.957,6.378,14.4
56864092,RepMikeQuigley,332380157.0,96.963,15.846,8.64,9436.593,33730.481,17.192,14.4
190674658,Graham_IRISC,295519356.0,53.111,50.056,77.222,694.167,27008.0,47.278,14.4
36571263,peacehearty,338937583.0,25.45,24.443,3.479,281.377,17996.918,5.574,14.4
20963651,seanjtaylor,345236674.0,39.579,35.0,96.263,6030.789,39486.789,21.474,14.4
10064382,MartinSFP,385472612.0,207.0,87.571,169.143,1062.0,35180.571,101.857,14.4
265099639,hinxminx,280018256.0,26.905,21.048,96.435,698.478,93547.696,7.111,14.4
20319226,kwamealexander,345971160.0,26.319,27.326,15.978,3679.872,17073.596,10.543,14.4
26598593,danacarvey,341979778.0,7.929,1.583,5.409,1648.347,551.792,1.0,14.4
6527972,randfish,399184310.0,62.0,101.143,300.429,9139.714,410350.571,47.571,14.4
625378411,KostiaKoval,238693255.0,23.8,4.524,64.857,95.135,7545.378,5.583,14.4
146409066,henrikstenson,305557751.0,11.652,2.524,3.607,1605.303,289.803,2.075,14.4
28753531,johndunford,341170366.0,4.903,40.273,4.41,82.015,26361.403,7.662,14.4
67761261,f_francavilla,329097031.0,144.143,79.286,240.714,31242.714,213831.286,26.714,14.4
7954452,cracksh0t,393760704.0,52.714,46.857,356.714,6142.0,625494.571,10.0,14.4
26493787,EricJDickey,342009865.0,79.125,34.938,85.438,2197.438,342625.5,7.733,14.4
14689051,bradlarson,369815689.0,10.628,9.6,13.438,91.375,1197.99,2.804,14.4
18655567,stevesilberman,348791561.0,249.75,376.75,183.75,59192.25,453834.25,162.0,14.4
19318314,SenatorLujan,347410768.0,79.0,18.893,14.724,4361.517,19596.759,15.897,14.4
19961822,MartynReah,346343424.0,54.333,206.667,99.222,602.333,50298.444,68.778,14.4
105533433,iamevltwin,316335771.0,30.133,74.062,106.467,711.938,107154.812,32.867,14.4
43532023,schemaly,336304348.0,71.556,237.0,46.889,10167.111,761290.667,72.667,14.4
1855763186,TonyDanielx2,201053148.0,31.119,10.548,35.548,7838.548,19193.5,8.286,14.4
86742779,balletboy09,322906984.0,28.098,13.805,38.15,793.244,9322.22,20.512,14.4
245243839,jamileeross,283541030.0,18.208,5.394,9.265,135.83,722.72,1.3,14.4
14780493,lennyzeltser,369179511.0,16.603,14.26,13.658,656.945,2202.63,4.594,14.4
953776388,VChangPoet,226831187.0,47.389,48.5,83.167,5045.667,54463.611,11.0,14.4
293196728,fannychoir,275447320.0,35.571,48.679,27.857,28651.0,329872.464,27.321,14.4
19122675,ovi8,347772401.0,6.213,2.097,2.783,4945.117,1872.543,1.35,14.4
35214545,wongrel,339329325.0,7.256,6.144,11.874,567.141,12109.459,3.662,14.4
238346334,sungkang,284948435.0,16.714,9.667,14.283,1298.778,1108.012,3.8,14.4
47363263,KimCattrall,334916387.0,21.889,10.667,40.933,7849.222,19298.844,12.838,14.4
15006743,zpower,367400475.0,346.8,15.75,280.4,4732.2,31254.2,76.6,14.4
2415918252,MNunezOfficial,183983009.0,10.831,31.133,10.056,1250.533,1881.017,6.897,14.4
440993196,CodeBoom,255683889.0,32.556,3.6,82.107,392.857,1316.0,7.111,14.4
1969651069,Eloisa_Amezcua,197864521.0,47.684,37.421,84.053,4790.0,206585.842,18.684,14.4
217808673,jenbenka,289727946.0,54.857,48.75,12.071,3486.107,52590.179,8.786,14.4
9349172,craiu,387981742.0,10.489,39.085,20.283,991.468,9769.043,7.913,14.4
47711346,Ilseman,334817748.0,5.698,8.045,23.13,70.892,20292.508,5.379,14.4
38379055,brianlightman,338321857.0,27.786,163.643,38.5,232.143,84444.714,56.857,14.4
901371,rmondello,406405929.0,83.357,49.571,98.214,3600.071,368002.714,35.929,14.4
285509764,TamaraRojo1,276621631.0,20.75,51.556,17.806,785.944,6167.056,16.0,14.4
92720796,vilgaCS,320769065.0,15.82,3.5,45.7,973.32,7453.08,3.674,14.4
610555568,UINT_MIN,240083631.0,17.0,18.773,112.545,629.455,48938.955,14.0,14.4
39357410,kylemooney,337916566.0,7.985,3.045,7.679,659.66,1946.553,2.349,14.4
66388461,DMBravo46,329471556.0,18.493,2.667,7.217,76.1,733.714,1.0,14.4
25382562,ianaddison,342500934.0,42.4,21.3,261.1,2395.4,23094.7,9.4,14.4
71512330,rxwei,327933253.0,3.121,4.585,4.188,155.143,421.881,1.962,14.4
19739420,CharlesSoule,346728322.0,45.0,22.786,164.214,14489.714,3285.071,22.929,14.4
2871627629,maggiesmithpoet,164326171.0,57.571,153.429,252.143,39896.714,229929.857,71.857,14.4
184584860,EVesnina001,296872001.0,18.379,16.151,14.855,2004.689,14193.649,1.091,14.4
607152697,NgatiBird,240408099.0,17.639,9.415,15.678,316.707,1579.152,2.268,14.4
36935647,jacknicklaus,338814537.0,16.923,6.26,4.284,12783.782,1986.507,4.415,14.4
21384302,gazneedle,344877209.0,11.652,31.583,92.208,502.375,35255.375,9.8,14.4
398107992,BeckyFrancis7,260438770.0,8.422,48.125,11.167,248.208,2277.542,7.447,14.4
983562338,HargreavesBC,225590317.0,57.3,15.35,9.472,1586.425,5539.65,22.9,14.4
14933304,joswinson,368016978.0,42.344,24.147,30.882,42415.257,115069.914,19.061,14.4
145107843,MikeTrout,305840960.0,12.317,12.553,7.575,32131.324,18198.362,1.667,14.4
57374779,januaryoneil,332235052.0,56.5,123.688,22.067,580.062,707608.188,21.6,14.4
14181505,jeremiahg,374018747.0,40.889,6.278,133.389,1597.778,303.833,12.222,14.4
28059115,BILLBELLAMY,341432296.0,54.629,33.657,4.265,770.257,179929.2,12.242,14.4
1590754944,hasherezade,206282549.0,8.789,115.632,45.316,1657.684,125763.105,11.526,14.4
739293,courosa,409728597.0,146.556,79.889,134.222,9872.778,184758.0,53.778,14.4
353960403,PeterJTomasi,266808427.0,54.421,17.263,13.27,2638.132,28360.868,38.919,14.4
15959875,JamesTheFourth,360478870.0,102.2,107.2,115.4,17833.5,111033.1,73.5,14.4
21732506,Williamson_Josh,344543325.0,37.211,113.895,19.789,9720.684,101947.053,21.947,14.4
61318104,doriannelaux,331088854.0,7.16,10.049,7.078,29.333,7027.23,1.523,14.4
581123710,SarfarazA_54,242891185.0,7.585,13.268,15.538,19515.276,4839.69,4.553,14.4
1114681081,JanetDaby,221040692.0,49.676,38.706,7.226,1763.529,30792.559,28.941,14.4
300645437,CarolCampbell4,274307289.0,65.556,200.667,94.444,7075.222,233427.111,98.667,14.4
50780389,laypay,334030542.0,14.682,56.565,69.0,1122.304,62072.13,15.857,14.4
17078632,BobbyJindal,354579885.0,34.621,5.161,2.571,2479.609,1677.31,3.468,14.4
229433742,Jaseholder98,286978995.0,6.115,4.906,8.361,516.699,257.374,2.793,14.4
756227808,JudithCollinsMP,235087994.0,61.609,32.348,45.652,6422.783,23635.217,33.739,14.4
54412900,DevinNunes,333064526.0,14.368,11.223,2.175,48591.575,24306.126,9.488,14.4
16579345,juliannehough,356948098.0,32.425,8.056,4.657,11438.075,4032.887,2.864,14.4
16388786,mobrowne,358011825.0,96.909,95.182,102.364,5959.636,182196.0,35.364,14.4
173857112,thecompdog,299236237.0,16.963,15.704,26.036,1384.393,27111.143,7.959,14.4
542666345,Iiterature,246698856.0,17.525,7.839,28.175,629.938,795.523,11.327,14.4
22657153,DavidSpade,343891357.0,25.65,14.346,1.154,37625.488,5227.637,11.238,14.4
42587296,bsaeta,336671460.0,3.098,11.797,1.875,50.421,28658.329,3.517,14.4
11791512,gcluley,380643282.0,119.625,21.312,62.188,3330.938,113144.062,10.562,14.4
15077191,harlanhaskins,366867529.0,28.074,16.0,75.593,1633.296,59817.407,7.296,14.4
20035593,nottjmiller,346262230.0,77.2,15.75,38.917,2560.08,64120.44,20.292,14.4
115748075,rikam99,313387068.0,24.25,26.906,50.062,868.75,88136.781,10.812,14.4
44949890,AdviceToWriters,335772619.0,464.286,0.0,0.0,35962.0,7207.571,0.0,14.4
17298241,DavidEvennett,353635979.0,16.653,7.305,4.259,114.987,4192.618,1.435,14.4
415750721,chandlerc1024,258352708.0,8.898,13.059,42.88,577.5,47435.596,9.078,14.4
14131275,jamie_murray,374678642.0,18.0,9.895,5.667,4745.546,10459.753,3.422,14.4
173734711,PepsMccrea,299266355.0,10.632,19.232,27.351,232.614,2910.561,6.772,14.4
10724012,andy_matuschak,383617020.0,14.5,4.571,112.24,2643.28,1054.08,7.96,14.4
19017675,Nigel_Farage,347980973.0,75.212,22.424,1.5,469812.545,139824.576,14.394,14.4
26149295,jessewldn,342137354.0,16.174,12.478,41.957,1147.413,681.609,13.087,14.4
35309981,TomKingTK,339303391.0,93.545,120.6,91.455,52946.636,147763.636,70.636,14.4
1009269193,RepLipinski,224578614.0,42.158,8.98,6.593,1142.842,1979.912,3.868,14.4
12131132,jdalrymple,379911494.0,11.792,77.75,45.833,530.333,235.833,4.591,14.4
81857654,MarkFieldUK,324638103.0,16.713,9.128,1.629,349.951,789.608,6.091,14.4
92498317,JBrokenshire,320849745.0,11.031,10.667,12.17,1129.96,4541.111,3.882,14.4
10615232,ChuckGrassley,383906578.0,83.684,1.111,2.0,110794.605,28377.395,1.0,14.4
17223098,mjburnsy,353978726.0,14.909,6.647,11.165,31.78,39137.042,1.607,14.4
115044590,NicoRosberg,313586243.0,32.986,4.333,9.483,45094.63,8804.438,9.985,14.4
524427375,JokerEph,248259735.0,3.333,2.273,4.745,27.56,52776.587,2.444,14.4
30271564,MatthewPerry,340610532.0,11.388,2.738,2.878,22418.19,3610.486,1.0,14.4
106854950,celinedion,315970456.0,22.404,6.8,2.476,25487.351,6577.383,3.255,14.4
32775800,KelliAgodon,339969088.0,53.615,66.462,128.692,4306.769,272727.154,27.462,14.4
14414286,troyhunt,371608068.0,90.857,54.0,319.429,17287.143,12106.0,34.0,14.4
7401202,stephenharper,395837056.0,30.926,5.346,1.0,8913.011,5208.83,1.643,14.4
1092979962,RepCheri,221719497.0,66.778,8.471,16.879,1905.361,1823.944,10.229,14.4
2293131060,RepKClark,190184773.0,105.9,38.25,18.1,32239.3,63395.75,44.85,14.4
47916280,S_Hammond,334763138.0,27.72,85.08,17.167,1310.56,34439.68,20.68,14.4
1080509366,RepBillFoster,222068569.0,51.357,24.833,7.577,5502.048,42247.667,20.595,14.4
51219631,MRodOfficial,333947417.0,31.363,3.46,5.05,10243.824,5243.066,2.345,14.4
280500432,TomTaylorMade,277469551.0,120.667,107.167,312.833,53423.0,67267.0,116.667,14.4
73992972,AvrilLavigne,327115020.0,19.381,8.939,5.345,94332.895,48990.867,3.405,14.4
83649051,79SemiFinalist,324022753.0,36.0,136.0,232.625,10135.375,1107817.25,36.0,14.4
23566038,mikko,343328809.0,52.25,85.5,268.0,19965.375,90206.125,63.0,14.4
17399269,Alanis,353287404.0,11.845,3.415,3.357,4812.311,1511.757,1.857,14.4
19418459,JerryBrownGov,347246235.0,11.793,5.673,5.088,3775.697,2930.697,1.875,14.4
130122646,DiegoForlan7,309444216.0,10.081,3.918,4.062,8273.911,3381.667,1.0,14.4
273176656,thedanjurgens,278725302.0,29.826,4.321,38.196,5368.457,797.717,18.326,14.4
87318558,AADaddario,322703815.0,15.752,3.46,5.226,23439.234,31561.613,3.638,14.4
24167314,PaulGAllen,343047044.0,8.959,1.8,4.0,3659.806,2207.173,1.167,14.4
12199652,edbott,379721547.0,277.75,201.0,333.0,9353.0,312231.0,334.5,14.4
100866814,Philjimeneznyc,317692639.0,128.429,98.714,235.714,15867.571,411676.857,115.857,14.4
406935165,zAAzCSGO,259329818.0,18.549,6.052,33.552,2264.175,824.683,3.194,14.4
39710060,KAndersonATP,337796147.0,14.146,5.861,6.64,5634.0,2728.453,3.304,14.4
310172617,TheRealLukevans,272903305.0,19.808,6.965,7.258,30836.848,15300.04,2.578,14.4
272760181,RobertMLee,278798476.0,19.429,28.5,68.107,3304.464,20614.464,6.571,14.4
19977759,HarrietHarman,346321480.0,50.469,46.0,7.429,9227.469,42138.219,33.438,14.4
499781930,JonCruddas_1,250079148.0,15.664,7.741,1.723,166.761,608.027,1.568,14.4
70831441,soumithchintala,328145763.0,6.4,5.931,13.318,789.637,1442.99,2.625,14.4
14150736,dangoodin001,374450899.0,25.078,6.128,32.98,859.365,4980.538,14.941,14.4
19225408,counternotions,347555572.0,192.9,2.286,130.5,1516.9,479.5,20.4,14.4
55964332,twostraws,332640615.0,58.375,12.5,335.125,14962.5,3508.875,23.875,14.4
14666934,kevinmitnick,369963981.0,26.571,6.068,10.0,2625.325,3881.584,3.175,14.4
18166778,Jim_Jordan,350548776.0,53.474,29.763,4.647,1065390.816,304628.816,11.892,14.4
16395449,BRIANMBENDIS,357963920.0,94.182,139.273,60.364,10235.727,283462.273,53.909,14.4
293154916,JHenwick,275453167.0,1.333,2.727,1.722,2047.1,12837.875,1.333,14.4
38592915,Phil_Coutinho,338244606.0,7.471,1.6,18.059,6409.917,3303.542,0.0,14.4
16493868,bryankramer,357429753.0,47.353,19.0,29.206,294.618,458.735,4.28,14.4
253500322,johnsundell,282055932.0,31.167,15.944,133.444,5893.222,848.778,6.471,14.4
19700387,jovialjoy,346782684.0,6.814,18.5,10.0,550.624,37509.667,10.98,14.4
22012091,LeaderHoyer,344339219.0,153.062,22.688,28.933,15774.188,32195.0,21.312,14.4
57304101,C_Hendrick,332254360.0,62.5,72.545,165.727,6675.0,153742.364,37.636,14.4
245849058,rushanaraali,283420257.0,27.5,141.235,25.188,3037.118,264031.647,26.0,14.4
90484508,GovChristie,321591111.0,35.557,5.621,2.333,7176.0,2703.253,3.787,14.4
296338717,jordanrcrook,274953732.0,25.375,7.35,18.714,202.156,54898.969,6.431,14.4
30183485,Danez_Smif,340646553.0,145.5,136.333,254.167,44391.833,572174.167,82.333,14.4
153810216,HackneyAbbott,303902728.0,70.1,76.9,15.15,139594.2,140060.1,24.6,14.4
393436815,CliveEfford,261047268.0,21.295,27.311,5.073,386.787,20389.443,14.443,14.4
56783491,nickjonas,332398375.0,40.047,10.185,3.216,433041.625,71281.078,8.207,14.4
102652835,SvetlanaK27,317132496.0,19.671,13.069,5.192,592.849,5670.161,6.533,14.4
118779247,GarbiMuguruza,312528081.0,18.557,5.432,2.957,20540.569,10115.793,1.857,14.4
14546264,BenBajarin,370774019.0,46.833,25.0,63.333,1311.25,13849.583,26.667,14.4
50768962,tkremenek,334033040.0,2.258,4.871,4.624,133.295,10472.984,1.542,14.4
125270251,GregHands,310752013.0,104.5,140.0,25.75,6038.583,58466.25,56.583,14.4
38281180,andrealeadsom,338351478.0,65.611,111.167,3.5,10245.333,60497.167,45.111,14.4
19739126,GOPLeader,346728672.0,81.357,146.286,3.636,567100.643,259468.143,39.714,14.4
823083,migueldeicaza,406607865.0,50.5,29.25,732.5,15027.25,49278.75,61.75,14.4
1408142352,math_rachel,212138890.0,32.238,42.762,79.476,7086.857,27435.333,39.952,14.4
259215762,KarenPBuckMP,281017355.0,51.278,70.111,59.0,2059.167,44005.944,63.0,14.4
50875746,Deardarkness,334014948.0,10.722,73.194,3.36,1128.472,483632.611,21.417,14.4
11666142,joshuatopolsky,380952801.0,115.333,42.6,57.467,9917.333,467216.867,41.067,14.4
1370855934,kiocsgoo,213406571.0,26.343,4.433,17.727,15752.284,4060.478,1.825,14.4
220830660,daisychristo,289009472.0,21.821,69.214,23.483,1577.69,1724.655,28.889,14.4
189631331,cyclingkev,295761260.0,55.077,145.071,36.692,11533.214,63813.786,36.643,14.4
418,dens,427867634.0,68.923,65.462,115.154,3451.385,473013.385,51.692,14.4
19563366,JoshConstine,346987117.0,50.929,12.5,170.5,8323.286,24285.571,13.5,14.4
932821405,Ska,227678791.0,22.392,4.338,15.162,15846.101,1865.177,1.853,14.4
19910414,RomeshRanga,346409773.0,27.231,15.282,46.121,39179.897,49252.692,12.611,14.4
545235190,RealBenBailey,246441631.0,12.841,10.18,17.788,4020.795,3220.159,2.5,14.4
84279963,Louis_Tomlinson,323794909.0,17.894,2.507,13.088,2883982.781,1292317.076,1.467,14.4
53269717,TaranKillam,333408124.0,25.475,24.256,31.675,6279.875,232145.9,16.564,14.4
22159580,ZacGoldsmith,344243349.0,37.231,74.731,12.76,17144.346,60174.346,37.5,14.4
49465463,maryjofoley,334369953.0,46.0,16.273,233.182,2755.182,2265.818,6.636,14.4
3021340697,MissaCSGO,156773185.0,6.041,6.259,13.343,74.438,3812.411,2.0,14.4
61228608,Jason_Priestley,331113422.0,35.0,7.667,7.355,3397.535,1824.014,38.208,14.4
144884794,TheBorisBecker,305887146.0,69.875,57.478,13.941,9337.08,119703.16,58.208,14.4
186202772,DJBravo47,296535687.0,11.092,8.8,12.125,6639.09,1640.013,3.636,14.4
683113,sarahintampa,410489623.0,133.625,31.188,38.25,725.562,203058.25,10.667,14.4
19119809,wkamaubell,347777929.0,95.75,45.583,129.417,195316.917,320122.083,50.0,14.4
2864117853,TomPelphrey,164700900.0,7.382,8.058,12.812,1062.125,122534.6,3.568,14.4
14561327,dhh,370669235.0,96.75,89.0,308.167,38043.0,231861.875,68.714,14.4
996994538,HFletcherWood,225030100.0,21.647,12.853,61.0,562.618,8030.412,7.562,14.4
5668942,sarahcuda,402020656.0,33.447,42.034,27.778,328.289,130226.421,38.444,14.4
93131556,vika7,320607858.0,35.013,5.092,5.577,20943.81,5405.051,13.094,14.4
1059240924,SteveWorks4You,222733251.0,0.0,1075.333,0.0,0.0,601691.333,192.333,14.4
2492917412,mer__edith,180012016.0,37.857,281.571,142.0,8526.429,213206.571,125.429,14.4
10194392,reneritchie,385094081.0,65.167,124.2,325.8,12360.667,204362.833,55.6,14.4
213745334,LuisSuarez9,290671434.0,11.678,1.125,1.188,114775.091,22566.81,1.478,14.4
44177383,GabbyGiffords,336028617.0,23.377,35.667,6.188,82975.34,103566.019,12.34,14.4
15958614,markgurman,360487003.0,53.12,23.52,53.32,19879.92,40319.84,18.8,14.4
402938330,RUSH,259819486.0,23.323,3.913,23.769,14339.273,1552.424,2.14,14.4
208996041,tombennett71,291736660.0,116.0,198.75,496.25,7477.75,131233.0,148.0,14.4
1417678880,karriganCSGO,211817634.0,28.591,3.929,17.569,36347.864,1386.515,2.673,14.4
112897001,FalleNCS,314229503.0,40.583,19.292,75.417,278170.292,10285.375,11.364,14.4
384855296,olofmeister,262263252.0,18.625,9.864,21.969,33117.422,7539.203,1.273,14.4
1501471,LanceUlanoff,405686886.0,287.5,17.5,236.667,7004.333,49691.833,67.333,14.4
15447522,k8em0,363833542.0,129.167,153.0,258.833,13868.833,247586.667,142.5,14.4
614246029,greg_ashman,239718078.0,234.333,108.0,197.5,2105.167,13123.0,50.167,14.4
1039631064,G2kennyS,223381671.0,19.175,8.2,53.85,36604.625,3948.65,4.051,14.4
34940114,NickyMorgan01,339413024.0,36.951,32.732,9.439,2577.293,8098.829,16.25,14.4
420512951,tarik,257836783.0,42.675,8.417,30.875,82848.275,17381.55,2.0,14.4
438301250,fhuszar,255958095.0,23.038,7.038,91.37,2137.148,10409.333,14.885,14.4
216881337,RandPaul,289958845.0,42.419,21.952,13.405,380169.698,109526.628,6.3,14.4
15649438,theferocity,362640034.0,201.75,122.25,487.0,334559.0,354961.75,101.0,14.4
700217389,EliGE,237504205.0,25.902,11.925,41.659,41709.122,42433.732,3.7,14.4
50811932,JHarden13,334024583.0,20.776,6.649,12.94,51814.907,14492.421,2.171,14.4
137418466,AzharMahmood11,307692084.0,19.851,9.94,9.696,8897.42,1730.125,7.906,14.4
139092348,aguerosergiokun,307272548.0,22.01,6.81,8.5,109237.695,23919.867,3.96,14.4
134054240,AhirShah,308499258.0,22.065,30.302,20.25,8482.277,189104.383,11.895,14.4
1714904610,AdvDali_Mpofu,202062844.0,24.171,66.543,1.0,20290.229,51371.486,19.588,14.4
7997312,brooke,393576476.0,99.0,21.308,129.538,5013.154,102643.615,41.231,14.4
139556944,delpotrojuan,307149463.0,7.008,1.2,1.353,36373.055,7967.126,1.481,14.4
11417802,jgebbia,381721087.0,14.66,7.011,12.824,596.784,25703.814,3.824,14.4
35982046,russwest44,339105634.0,13.75,21.944,10.533,48524.554,11793.304,2.407,14.4
44409004,shakira,335946113.0,31.845,18.071,7.458,323607.707,44176.793,3.359,14.4
6427882,channingtatum,399514177.0,13.603,16.651,3.468,27422.466,61859.992,1.444,14.4
158689157,AngelaBarnes,302709050.0,55.818,38.545,201.0,16034.636,220231.636,28.727,14.4
60865434,KAKA,331221274.0,19.366,1.756,15.983,28254.557,10676.661,2.475,14.4
27711339,JaredLeto,341554749.0,40.188,19.511,13.387,147467.143,34355.306,7.844,14.4
6273552,MCHammer,400036167.0,352.0,208.25,249.75,51765.75,52330.5,239.25,14.4
19086859,rtraister,347854582.0,37.875,118.438,45.875,83444.188,464218.562,45.812,14.4
20713061,newtgingrich,345526912.0,172.231,69.385,5.75,453615.154,170688.615,10.25,14.4
18278629,fatbellybella,350165020.0,33.772,19.231,9.417,78081.351,29195.719,23.898,14.4
188019606,WhipClyburn,296111378.0,58.0,44.1,6.889,43643.967,78055.867,6.133,14.4
214201922,Ninja,290575146.0,69.111,58.944,50.667,917817.056,308748.778,14.778,14.4
15227791,WilliamShatner,365626508.0,426.571,13.571,24.143,264241.714,71057.286,383.143,14.4
19394188,SenJohnMcCain,347278649.0,101.926,13.185,4.381,297691.963,83734.259,5.292,14.4
65187067,stanwawrinka,329879966.0,16.451,20.357,6.35,29059.11,13961.22,4.902,14.4
217169219,sambillings,289887718.0,18.676,19.353,56.735,48524.059,76440.412,7.706,14.4
1542453360,shroud,207948629.0,43.476,5.4,29.854,188999.333,25315.357,3.107,14.4
929211084,iamtrask,227809226.0,10.108,9.296,65.359,2724.564,5841.462,5.043,14.4
22790881,briankrebs,343814541.0,29.452,8.071,39.786,7134.023,18547.837,6.61,14.4
48008938,ylecun,334742049.0,33.667,52.222,94.556,11359.889,103574.556,39.278,14.4
23440052,JensonButton,343388286.0,29.569,10.514,5.352,36224.542,6032.958,9.38,14.4
9534522,Pogue,387234506.0,24.907,4.061,31.537,4732.0,14205.833,3.077,14.4
53853197,CP3,333221678.0,20.896,6.032,3.706,50472.157,19344.043,4.4,14.4
14417215,rrhoover,371585682.0,55.1,11.9,258.0,12988.3,13890.8,15.2,14.4
157718652,jbairstow21,302942708.0,22.053,5.43,8.514,3293.629,1719.021,4.058,14.4
151123001,SergioRamos,304497747.0,25.229,3.311,7.489,237094.295,65735.848,3.265,14.4
18973501,dylanwiliam,348064292.0,20.72,17.28,91.96,2181.2,3388.28,4.609,14.4
139808713,Sdoull,307083229.0,6.83,6.951,21.926,1676.821,1406.147,2.509,14.4
19248106,MariahCarey,347521869.0,38.673,13.412,8.8,497169.818,95329.236,14.981,14.4
179036286,jpduminy21,298043892.0,10.579,15.913,8.226,5635.253,2585.568,4.044,14.4
35031708,GalGadot,339391482.0,14.352,2.641,3.533,157537.88,25856.787,4.222,14.4
820585,baratunde,406676774.0,76.471,84.118,28.294,17067.118,371634.176,50.941,14.4
106961801,damienmartyn,315944401.0,57.222,61.706,64.889,2573.556,59786.722,35.833,14.4
3080761,mattcutts,404621129.0,15.02,10.048,45.156,1427.46,8707.1,4.659,14.4
17995040,benshapiro,351155978.0,131.5,638.25,41.5,1248290.5,636257.0,295.75,14.4
18327902,alexia,349984385.0,21.0,9.8,39.75,1562.0,8716.4,8.0,14.4
175282603,jeremyphoward,298926102.0,32.0,160.1,131.9,8127.2,144316.8,49.9,14.4
467823431,RepJeffries,253073116.0,41.157,5.177,1.5,111792.814,33286.086,3.702,14.4
7745472,JoannaStern,394513890.0,60.4,16.429,140.933,17852.933,4872.933,15.933,14.4
23375688,selenagomez,343438995.0,23.069,7.493,5.639,553029.886,249884.048,6.314,14.4
2483000368,Smatz88,182557413.0,2.854,4.52,4.643,1427.817,1140.35,1.688,14.4
2956121356,rsalakhu,159821882.0,5.397,9.395,2.0,642.312,733.727,3.073,14.4
32717570,RickieFowler,339978020.0,15.882,10.615,13.569,9488.6,2779.116,2.878,14.4
94166168,CaroWozniacki,320211894.0,21.575,5.095,7.635,26128.387,5527.981,2.514,14.4
202003,pkafka,413096889.0,74.273,52.909,167.818,15246.909,32055.364,50.727,14.4
239411196,DavidMillerSA12,284719090.0,18.621,7.595,14.603,6876.352,3668.912,2.6,14.4
9729502,travisk,386529335.0,8.809,9.484,30.532,563.676,1795.392,1.524,14.4
152785310,MrNishKumar,304135937.0,58.273,44.0,46.667,157386.227,142166.727,48.636,14.4
10188712,pgor,385105428.0,45.042,43.25,46.042,228.208,310435.917,16.0,14.4
11373722,ExMayorMark,381833996.0,96.889,16.852,6.88,1877.741,7528.074,27.077,14.4
122706390,JakeG_Online,311499752.0,19.933,15.143,1.7,1762.174,10083.37,1.0,14.4
1307120064,SBYudhoyono,215616491.0,41.303,3.125,3.6,23050.896,24450.039,0.0,14.4
134182545,AfroFrias,308470930.0,136.5,561.75,75.75,1083.25,4922859.0,254.25,14.4
14092082,pcasaretto,375150997.0,3.119,2.615,3.101,3.672,2010.971,1.625,14.4
145541650,Tian_Beng_Ng,305745502.0,5.741,3.481,1.692,46.983,60.19,1.773,14.4
15040988,geoff_deweaver,367128641.0,92.2,510.8,35.0,270.4,852582.6,66.0,14.4
1689493657,mariobarth,202869584.0,18.646,1.971,1.6,647.635,92.094,1.0,14.4
1729936105,robodellaz,201668021.0,20.133,179.562,5.417,258.312,419484.0,42.0,14.4
20842629,marxjohnson,345385420.0,7.0,21.179,13.464,87.286,78579.25,6.036,14.4
215957468,AnastaciaMusic,290174185.0,46.453,13.565,3.0,7877.63,89516.37,27.837,14.4
2213365112,Reb_Alexander,194651769.0,21.038,7.266,5.356,216.088,10828.237,2.9,14.4
2243829872,k4sh_7,193059639.0,68.333,87.333,21.333,20.375,196774.25,0.0,14.4
2270593045,ChevyChaseToGo,191488361.0,2.956,1.0,0.0,2293.067,586.222,1.25,14.4
2302937503,LoveTinaTurner,189693343.0,3.717,2.95,1.0,5849.42,1205.62,1.167,14.4
2318252410,rameezraja_jr,188729250.0,19.169,7.927,23.612,601.293,812.747,1.083,14.4
24112401,cosminnegruseri,343084140.0,3.596,8.762,7.807,44.884,10031.681,2.289,14.4
2507907734,rodriguezramon,179478388.0,8.062,6.385,10.926,369.809,43042.912,2.3,14.4
2611834718,AnnapurnaLiving,175164347.0,32.85,3.417,1.545,160.732,48.0,2.933,14.4
304150259,TheRealAliL,273797465.0,24.87,4.333,6.235,666.692,1817.317,1.222,14.4
3061898660,LukeMillerWLAN,154489631.0,14.945,3.7,9.143,12.919,401.203,1.0,14.4
3094485998,n00py1,153373659.0,7.896,25.204,33.245,430.776,13313.061,3.795,14.4
318218531,ClooneysOpenHse,271798885.0,42.485,4.636,4.727,158.145,11905.043,4.167,14.4
32623294,haydenchristen,339989987.0,3.75,2.0,4.0,43.556,5.111,0.0,14.4
328369614,EvaMend3s,270319548.0,30.05,4.571,0.0,8.9,67.8,0.0,14.4
3408650422,mgigaba,140957662.0,39.703,18.333,37.107,1897.324,2296.459,17.324,14.4
353394176,mizesoundguy,266887085.0,17.677,1.875,86.645,120.742,7988.452,4.542,14.4
357839393,Abby_Lee_Miller,266284200.0,45.288,7.725,5.391,7363.661,599.847,4.771,14.4
3911719575,kyle_abraham_,135576573.0,17.311,20.703,5.482,32.794,35936.206,5.116,14.4
399674608,sarabaras,260246029.0,19.274,29.397,5.579,1066.435,1133.097,7.017,14.4
43831437,margaretmz,336165406.0,9.224,9.921,3.755,107.713,1235.688,2.617,14.4
441428868,RubenQuesada_,255647550.0,7.957,12.326,12.766,33.747,19723.632,4.089,14.4
455003792,kristenwiigorg,254301404.0,9.189,21.99,3.645,121.618,6943.765,1.667,14.4
474948835,DavidWenhamFans,252408402.0,7.341,25.966,2.56,17.089,345.011,2.259,14.4
48631266,finolahughes,334604007.0,29.043,20.114,23.881,8877.891,17995.739,4.871,14.4
50750339,KrisAllen,334036924.0,20.859,16.338,8.533,1127.7,1120.562,3.931,14.4
565919881,TheLucasBlack,244329770.0,16.593,4.891,5.902,3623.315,2372.231,1.524,14.4
59084417,Scarlett_Jo,331741283.0,4.915,10.412,2.0,3307.315,29749.704,1.5,14.4
600584047,NBallingrud,241049903.0,24.969,6.733,70.281,1990.0,13051.5,11.258,14.4
81170936,rachelmonline,324884061.0,27.781,10.693,4.071,1071.333,2018.667,2.378,14.4
924854030,Nevecampbell10,227983026.0,9.25,20.973,14.279,108.203,2556.73,4.364,14.4
