user_name,Twitter Account Duration(till 26/1/2020),Avg. Tweet Rate(per Month),Avg. Retweet Rate(per Month),Avg. Reply Rate(per Month),Total Normal Tweets,Total Retweets,Total Replies,Total Quotes,Avg. Fav Count(per Month),Avg. Retweeted Count(per Month),Avg. Quote Count(per Month)
21LVA,246613260.0,6.779,2.883,4.548,644,173,191,24,34280.139,6193.149,1.412
3gerardpique,288182357.0,18.048,5.029,3.689,2238,513,225,287,96785.72,57446.632,4.348
79SemiFinalist,324022753.0,36.0,136.0,232.625,288,1088,1861,288,10135.375,1107817.25,36.0
7polly7,280597122.0,9.57,2.541,4.2,1024,188,336,76,1360.496,862.982,2.235
AADaddario,322703815.0,15.752,3.46,5.226,2158,391,554,211,23439.234,31561.613,3.638
AaronFinch5,304030564.0,19.164,4.763,4.351,2338,543,322,375,6626.754,1697.68,5.769
abbiemann1982,341808898.0,23.042,30.125,82.083,553,723,1970,282,702.48,22499.24,12.261
Abby_Lee_Miller,266284200.0,45.288,7.725,5.391,2672,309,248,167,7363.661,599.847,4.771
ABdeVilliers17,307068555.0,16.211,6.683,8.755,1767,548,858,40,46881.427,6199.5,1.739
acedtect,411807577.0,79.273,20.545,195.636,872,226,2152,113,2980.727,10444.182,10.273
Adamprice,347615645.0,52.111,50.074,17.222,1407,1352,465,402,17919.852,6927.333,14.889
adept_education,302618664.0,19.417,9.276,7.393,1864,705,621,159,14.367,5342.163,3.245
AdrienneTacke,193809798.0,24.538,8.519,43.556,957,230,1568,513,520.171,12633.268,14.25
AdvDali_Mpofu,202062844.0,24.171,66.543,1.0,846,2329,5,666,20290.229,51371.486,19.588
AdviceToWriters,335772619.0,464.286,0.0,0.0,3250,0,0,0,35962.0,7207.571,0.0
AfroFrias,308470930.0,136.5,561.75,75.75,546,2247,303,1017,1083.25,4922859.0,254.25
aftgomes,171530398.0,11.85,3.255,5.242,948,153,325,96,24345.037,3764.225,2.233
aguerosergiokun,307272548.0,22.01,6.81,8.5,2311,538,357,198,109237.695,23919.867,3.96
AhirShah,308499258.0,22.065,30.302,20.25,1015,1303,891,452,8482.277,189104.383,11.895
AidanSevers,147021340.0,107.333,68.5,365.167,644,411,2191,230,2953.167,21803.667,38.333
Alanis,353287404.0,11.845,3.415,3.357,1753,140,94,39,4812.311,1511.757,1.857
alanpeat,308143291.0,23.205,60.478,49.4,1021,1391,741,149,64.523,4450.341,8.278
alanwilkins22,230047975.0,15.5,48.906,36.188,496,1565,1158,362,15037.062,116711.75,11.312
AlexHales1,246170952.0,9.965,3.782,37.846,568,208,2460,66,4505.292,2567.708,2.062
alexia,349984385.0,21.0,9.8,39.75,84,49,159,32,1562.0,8716.4,8.0
alexisgallagher,403620626.0,40.769,7.833,201.923,530,94,2625,419,1019.462,19365.538,32.231
alizecornet,330952472.0,22.398,7.602,7.267,1971,631,625,161,4775.079,9366.775,2.597
alo_oficial,249546263.0,32.941,23.84,7.12,1680,1192,356,308,124866.49,25625.431,6.039
Amed_Rosario,130500546.0,31.674,19.025,6.514,1362,761,228,823,2780.152,1023.478,32.92
amweston,345363755.0,25.036,6.13,11.812,2103,282,815,60,24.048,3148.19,3.158
AnastaciaMusic,290174185.0,46.453,13.565,3.0,2462,624,81,1364,7877.63,89516.37,27.837
andrealeadsom,338351478.0,65.611,111.167,3.5,1181,2001,56,812,10245.333,60497.167,45.111
AndrewScheer,281560049.0,117.208,12.545,11.286,2813,276,158,456,52599.333,17318.875,22.8
AndrewYNg,289945249.0,10.737,2.094,2.635,1063,134,166,51,6346.255,8145.069,1.759
andy_matuschak,383617020.0,14.5,4.571,112.24,348,96,2806,199,2643.28,1054.08,7.96
andy_murray,374751424.0,16.283,3.857,15.933,1726,216,956,29,16136.101,16362.532,1.812
AngelaBarnes,302709050.0,55.818,38.545,201.0,614,424,2211,316,16034.636,220231.636,28.727
AngeliqueKerber,251784595.0,9.651,8.485,2.842,1052,857,162,51,8323.136,1962.673,1.645
anildash,414945885.0,53.5,321.75,433.75,214,1287,1735,586,15500.5,600993.5,146.5
AnnapurnaLiving,175164347.0,32.85,3.417,1.545,1314,82,17,44,160.732,48.0,2.933
Anna_Soubry,270639198.0,90.214,94.571,47.071,1263,1324,659,880,109622.143,154388.071,62.857
anton_chuvakin,378709799.0,17.611,68.778,93.667,317,1238,1686,154,565.111,50369.333,8.556
ArianaGrande,339541409.0,69.0,10.619,43.24,1932,223,1081,1063,7008983.464,846356.179,37.964
ariannahuff,344367259.0,128.5,63.75,11.267,2056,1020,169,233,21100.875,188763.312,14.562
ArleneFosterUK,278289705.0,27.446,29.304,2.217,1537,1641,51,467,6929.982,8694.232,8.648
asymco,314938632.0,71.5,189.333,280.0,429,1136,1680,271,3800.167,53574.0,45.167
Author_DDB,248493299.0,5.197,10.844,3.038,395,488,161,42,32.44,6532.619,2.0
AvrilLavigne,327115020.0,19.381,8.939,5.345,2035,733,294,143,94332.895,48990.867,3.405
AzharAli_,184597641.0,11.893,6.514,9.938,892,469,636,348,28419.354,4447.734,6.824
AzharMahmood11,307692084.0,19.851,9.94,9.696,1727,825,669,506,8897.42,1730.125,7.906
balletboy09,322906984.0,28.098,13.805,38.15,1152,566,1526,841,793.244,9322.22,20.512
balletrusse,348875707.0,24.966,5.738,8.254,2222,482,487,20,490.537,306.4,1.25
BarackObama,406864295.0,36.368,6.436,4.226,2764,354,131,123,2443208.169,473704.987,2.562
baratunde,406676774.0,76.471,84.118,28.294,1300,1430,481,866,17067.118,371634.176,50.941
Barnaby_Joyce,313621553.0,18.245,5.892,10.646,1934,383,873,35,570.651,1064.453,1.842
BBCRoryCJ,316577709.0,20.05,3.489,8.51,2025,321,851,37,187.991,1328.955,1.321
bchesky,378237908.0,6.947,9.901,21.737,660,901,1652,93,5268.231,16764.519,2.385
beccadax,358551553.0,11.24,84.44,31.96,281,2111,799,678,195.44,541419.92,27.12
BeckyFrancis7,260438770.0,8.422,48.125,11.167,379,2310,536,350,248.208,2277.542,7.447
BelindaBencic,177397309.0,11.61,6.519,3.939,894,352,130,366,6987.078,4608.545,5.719
BenBajarin,370774019.0,46.833,25.0,63.333,1124,600,1520,640,1311.25,13849.583,26.667
benshapiro,351155978.0,131.5,638.25,41.5,526,2553,166,1183,1248290.5,636257.0,295.75
benstokes38,282878220.0,17.229,5.634,9.537,1878,524,763,375,26404.202,4576.028,5.597
BernieSanders,289980368.0,138.167,33.647,12.6,2487,572,189,503,4856097.0,869995.056,29.588
betchaboy,408150441.0,37.0,10.933,53.781,1184,328,1721,119,427.281,30959.594,4.103
bgurley,402991365.0,25.758,22.788,49.636,850,752,1638,741,8114.364,7355.515,22.455
BILLBELLAMY,341432296.0,54.629,33.657,4.265,1912,1178,145,404,770.257,179929.2,12.242
BillClinton,214783940.0,9.283,2.016,2.341,919,127,103,170,124358.919,29911.071,2.615
BillGates,334127750.0,24.638,2.386,2.961,2858,198,151,163,103858.319,33333.75,2.86
Bill_Gross,334871106.0,29.338,3.826,12.189,2259,88,902,331,7795.936,3708.397,7.881
blakelively,173758659.0,3.6,1.333,2.5,72,8,20,14,102950.375,17821.375,2.333
BobBlackman,233125269.0,34.286,105.682,8.81,720,2325,185,356,6652.773,47861.864,16.952
BobbyJindal,354579885.0,34.621,5.161,2.571,3012,160,72,163,2479.609,1677.31,3.468
BorisJohnson,152077451.0,56.308,23.605,5.2,2196,897,156,173,423498.051,88059.308,4.676
bradlarson,369815689.0,10.628,9.6,13.438,999,912,1290,157,91.375,1197.99,2.804
BrettLee_58,259083920.0,22.877,19.863,4.35,1670,1450,87,995,23718.192,6506.562,14.014
brholland,357473383.0,49.133,61.529,87.938,737,1046,1407,364,182.529,115359.588,22.75
briankrebs,343814541.0,29.452,8.071,39.786,1237,339,1671,271,7134.023,18547.837,6.61
brianlightman,338321857.0,27.786,163.643,38.5,389,2291,539,796,232.143,84444.714,56.857
BRIANMBENDIS,357963920.0,94.182,139.273,60.364,1036,1532,664,593,10235.727,283462.273,53.909
brielarson,145603635.0,14.18,36.265,13.479,709,1777,647,668,341882.039,381801.098,14.522
britneyspears,357880345.0,24.889,5.661,16.245,2016,351,796,113,210556.446,60879.916,4.036
brooke,393576476.0,99.0,21.308,129.538,1287,277,1684,536,5013.154,102643.615,41.231
BrunoMars,317904776.0,21.857,4.646,5.055,2448,381,369,530,229421.393,86662.491,8.833
bryankramer,357429753.0,47.353,19.0,29.206,1610,646,993,107,294.618,458.735,4.28
BryceDHoward,131542229.0,26.09,5.592,7.091,1748,274,312,438,28209.104,10379.537,9.319
bsaeta,336671460.0,3.098,11.797,1.875,158,814,45,211,50.421,28658.329,3.517
CandiceBergenMP,231913797.0,19.0,47.83,3.31,874,2248,96,962,6215.319,15424.404,20.468
carlyraejepsen,342722949.0,24.609,9.12,5.583,2264,684,201,80,34561.874,25736.516,2.667
CaroGarcia,221924535.0,12.917,11.013,3.132,1240,859,119,192,4432.828,3082.717,3.765
CarolCampbell4,274307289.0,65.556,200.667,94.444,590,1806,850,888,7075.222,233427.111,98.667
carolinebreyley,345352402.0,8.219,63.406,29.719,263,2029,951,474,88.281,2479.156,15.29
CaroWozniacki,320211894.0,21.575,5.095,7.635,2287,428,481,88,26128.387,5527.981,2.514
Catriona_O,326264732.0,14.92,5.104,24.75,1119,342,1782,426,64.507,323.213,6.0
cdixon,404979120.0,21.158,16.864,19.468,1206,1113,915,120,2662.897,19444.485,3.429
celinedion,315970456.0,22.404,6.8,2.476,2106,306,52,179,25487.351,6577.383,3.255
chandlerc1024,258352708.0,8.898,13.059,42.88,436,666,2144,463,577.5,47435.596,9.078
channingtatum,399514177.0,13.603,16.651,3.468,1578,1432,163,26,27422.466,61859.992,1.444
CharlesSoule,346728322.0,45.0,22.786,164.214,630,319,2299,321,14489.714,3285.071,22.929
ChelsDingman,177761257.0,27.273,199.0,64.818,300,2189,713,267,2174.909,33790.636,24.273
ChevyChaseToGo,191488361.0,2.956,1.0,0.0,133,6,0,5,2293.067,586.222,1.25
chrisbrown,312344446.0,34.937,5.677,1.5,2760,369,27,44,296272.0,87319.488,2.444
ChrisPirillo,409118334.0,131.375,137.5,135.25,1051,1100,1082,381,2135.0,493867.375,47.625
chriswoakes,281834396.0,11.463,5.462,7.337,1387,639,763,136,1822.328,3345.176,2.429
ChuckGrassley,383906578.0,83.684,1.111,2.0,3180,10,56,5,110794.605,28377.395,1.0
chuckwoolery,253614559.0,395.857,49.286,17.0,2771,345,119,199,386342.286,177716.0,28.429
cilic_marin,193245757.0,5.477,4.18,5.32,471,255,399,52,2666.385,635.549,1.677
citizencurran,340906939.0,57.5,47.562,97.5,920,761,1560,687,1574.562,158570.062,42.938
ClareBaileyGPNI,328581754.0,8.0,24.083,8.947,152,578,170,155,377.083,11750.542,8.158
clattner_llvm,178192373.0,3.767,6.298,4.958,275,529,357,168,793.306,981.259,2.625
CliveEfford,261047268.0,21.295,27.311,5.073,1299,1666,279,881,386.787,20389.443,14.443
ClooneysOpenHse,271798885.0,42.485,4.636,4.727,2889,153,156,50,158.145,11905.043,4.167
CodeBoom,255683889.0,32.556,3.6,82.107,879,72,2299,192,392.857,1316.0,7.111
coldzera,142729872.0,20.177,5.925,28.017,1251,314,1653,87,39208.935,1743.694,3.346
ColinJost,298263129.0,16.286,6.632,12.044,1596,378,819,98,2908.21,819.85,3.267
ConanOBrien,313472564.0,35.652,1.48,2.0,3173,37,40,17,310927.236,41075.034,1.308
cosminnegruseri,343084140.0,3.596,8.762,7.807,205,552,445,103,44.884,10031.681,2.289
counternotions,347555572.0,192.9,2.286,130.5,1929,16,1305,204,1516.9,479.5,20.4
courosa,409728597.0,146.556,79.889,134.222,1319,719,1208,484,9872.778,184758.0,53.778
coyleneil,282999593.0,131.286,67.857,33.0,1838,950,462,1381,9754.786,42874.0,98.643
CP3,333221678.0,20.896,6.032,3.706,2403,573,189,264,50472.157,19344.043,4.4
cracksh0t,393760704.0,52.714,46.857,356.714,369,328,2497,70,6142.0,625494.571,10.0
craiu,387981742.0,10.489,39.085,20.283,472,1837,933,364,991.468,9769.043,7.913
Cumberbitches,298177395.0,21.706,12.457,15.412,1476,872,786,20,904.817,21214.524,2.222
cyclingkev,295761260.0,55.077,145.071,36.692,716,2031,477,513,11533.214,63813.786,36.643
c_cadar,155192883.0,2.422,2.667,1.878,155,168,77,77,40.883,556.052,1.791
C_Hendrick,332254360.0,62.5,72.545,165.727,625,798,1823,414,6675.0,153742.364,37.636
daisychristo,289009472.0,21.821,69.214,23.483,611,1938,681,780,1577.69,1724.655,28.889
DaleSteyn62,300376255.0,19.3,9.667,8.643,1737,725,726,342,28615.733,20573.344,5.516
damienmartyn,315944401.0,57.222,61.706,64.889,1030,1049,1168,645,2573.556,59786.722,35.833
danacarvey,341979778.0,7.929,1.583,5.409,555,19,119,2,1648.347,551.792,1.0
danalevinpoet,193475265.0,57.0,75.636,162.636,627,832,1789,359,3775.727,58813.364,32.636
Danez_Smif,340646553.0,145.5,136.333,254.167,873,818,1525,494,44391.833,572174.167,82.333
dangoodin001,374450899.0,25.078,6.128,32.98,1279,288,1682,762,859.365,4980.538,14.941
DanielMiessler,405665142.0,41.087,34.136,67.261,945,751,1547,186,2496.826,135467.13,8.455
danielricciardo,290525036.0,15.12,4.06,6.0,1633,406,438,125,28507.564,6827.2,2.5
danprimack,358832715.0,204.556,87.444,68.667,1841,787,618,389,20909.889,106649.556,43.222
dan_aykroyd,281077456.0,5.674,2.167,1.8,505,26,27,7,1093.12,607.207,1.0
darren_lehmann,290380096.0,29.646,28.833,10.047,1423,1384,432,976,3915.367,42889.469,21.217
DavidDavisMP,169829301.0,17.541,2.605,6.75,1070,99,270,107,10881.557,3949.082,2.892
DavidEvennett,353635979.0,16.653,7.305,4.259,1249,431,115,33,114.987,4192.618,1.435
DavidHussey29,258667858.0,11.226,7.309,5.237,1291,804,508,254,1338.733,695.25,4.097
davidkarp,407546451.0,1.0,1.5,1.5,6,6,3,0,484.8,162.3,0.0
DavidLuiz_4,268040528.0,19.423,5.298,2.04,2020,302,51,20,23994.302,11757.594,1.429
davidmackkabuki,321043376.0,76.538,95.308,76.538,995,1239,995,1096,6105.462,49218.385,84.308
DavidMillerSA12,284719090.0,18.621,7.595,14.603,1620,600,993,39,6876.352,3668.912,2.6
DavidSpade,343891357.0,25.65,14.346,1.154,2052,1119,15,708,37625.488,5227.637,11.238
davidwarner31,310071772.0,36.542,19.14,3.05,2156,957,122,698,64353.574,30939.984,14.542
DavidWenhamFans,252408402.0,7.341,25.966,2.56,624,2311,128,122,17.089,345.011,2.259
David_Cameron,317018185.0,25.563,3.286,1.526,2633,138,29,72,11296.864,7981.184,1.8
Deardarkness,334014948.0,10.722,73.194,3.36,386,2635,84,771,1128.472,483632.611,21.417
deepakobhrai,278537767.0,17.718,6.0,4.557,1825,282,360,412,109.075,1354.598,12.875
delbius,355191555.0,5.699,2.69,26.333,473,191,2528,68,220.64,32847.58,2.061
delpotrojuan,307149463.0,7.008,1.2,1.353,883,24,46,40,36373.055,7967.126,1.481
dens,427867634.0,68.923,65.462,115.154,896,851,1497,672,3451.385,473013.385,51.692
DevinNunes,333064526.0,14.368,11.223,2.175,1796,1156,87,408,48591.575,24306.126,9.488
DevonESawa,337923886.0,294.833,37.0,209.667,1769,222,1258,653,177441.667,298395.333,108.833
DGoughie,336657614.0,17.382,8.714,67.114,591,305,2349,116,2591.6,4156.257,3.742
dhh,370669235.0,96.75,89.0,308.167,774,623,1849,481,38043.0,231861.875,68.714
DianaRoss,187159098.0,8.224,1.438,3.25,551,23,13,11,12752.239,2338.09,1.571
DiegoForlan7,309444216.0,10.081,3.918,4.062,1361,286,130,11,8273.911,3381.667,1.0
DJBravo47,296535687.0,11.092,8.8,12.125,843,308,388,80,6639.09,1640.013,3.636
DjokerNole,280894538.0,19.78,5.234,5.845,2334,403,491,416,78637.0,15631.076,6.029
DMBravo46,329471556.0,18.493,2.667,7.217,1239,112,332,4,76.1,733.714,1.0
Doctob,328873069.0,6.5,1.0,118.808,156,5,3089,7,1413.923,174.923,1.167
DonnaVekic,249988488.0,15.009,6.375,7.408,1651,612,726,173,2290.071,6055.858,3.204
doriannelaux,331088854.0,7.16,10.049,7.078,895,1025,637,67,29.333,7027.23,1.523
DrLupo,133223139.0,113.182,13.182,168.818,1245,145,1857,84,361257.909,79209.455,7.636
DrPhillipLee,270284809.0,18.613,10.149,8.182,1731,883,630,628,5084.097,11377.108,9.235
dylanwiliam,348064292.0,20.72,17.28,91.96,518,432,2299,106,2181.2,3388.28,4.609
ECavaniOfficial,273053316.0,18.239,1.629,3.375,2061,57,27,15,51223.322,6580.278,2.5
edbott,379721547.0,277.75,201.0,333.0,1111,804,1332,1338,9353.0,312231.0,334.5
edsouthall,258144539.0,55.667,59.333,154.833,668,712,1858,288,3391.667,128964.0,24.0
EliGE,237504205.0,25.902,11.925,41.659,1062,477,1708,148,41709.122,42433.732,3.7
ElinaSvitolina,275058318.0,11.65,9.43,2.419,1200,877,179,188,7241.99,11446.981,3.418
Eloisa_Amezcua,197864521.0,47.684,37.421,84.053,906,711,1597,355,4790.0,206585.842,18.684
elonmusk,336023251.0,7.0,2.0,31.0,7,2,31,1,2101417.0,194208.0,1.0
emilychangtv,327070437.0,29.935,14.968,8.5,1856,928,459,485,1770.375,13266.688,8.362
EmmaWatson,300851603.0,8.193,7.17,5.327,934,631,277,53,138322.317,64409.817,1.71
Enghumbhini,249673546.0,100.667,500.333,475.333,302,1501,1426,243,10696.333,6869.0,81.0
Eoin16,296134425.0,10.669,6.609,5.37,1323,760,537,255,4646.438,7095.352,4.811
EricJDickey,342009865.0,79.125,34.938,85.438,1266,559,1367,116,2197.438,342625.5,7.733
eric_sink,310629406.0,9.069,4.597,19.505,916,285,2048,57,98.771,366.781,1.629
erinbelieu,231824896.0,48.5,236.625,119.625,388,1893,957,704,1270.5,821852.0,88.0
EvaMend3s,270319548.0,30.05,4.571,0.0,601,32,0,0,8.9,67.8,0.0
EvangelineLilly,221105133.0,27.86,6.614,25.686,1588,291,1310,60,17106.0,23207.614,2.222
EvelynRusli,363687840.0,9.365,2.778,30.863,693,50,2469,75,250.952,239.855,1.829
EVesnina001,296872001.0,18.379,16.151,14.855,1066,1179,921,12,2004.689,14193.649,1.091
ExMayorMark,381833996.0,96.889,16.852,6.88,2616,455,172,704,1877.741,7528.074,27.077
faf1307,308220109.0,12.06,6.689,13.576,1411,602,1154,101,9468.533,1730.942,2.244
FalleNCS,314229503.0,40.583,19.292,75.417,974,463,1810,250,278170.292,10285.375,11.364
fannychoir,275447320.0,35.571,48.679,27.857,996,1363,780,765,28651.0,329872.464,27.321
fatbellybella,350165020.0,33.772,19.231,9.417,1925,750,452,1171,78081.351,29195.719,23.898
fchollet,328776635.0,67.176,39.941,83.824,1142,679,1425,373,34599.471,190248.294,21.941
fer,147912769.0,26.438,11.188,61.667,846,358,2035,94,152998.667,16972.03,3.615
fhuszar,255958095.0,23.038,7.038,91.37,599,183,2467,387,2137.148,10409.333,14.885
finolahughes,334604007.0,29.043,20.114,23.881,1336,885,1003,151,8877.891,17995.739,4.871
flintoff11,294303369.0,34.18,17.759,2.27,2085,1030,84,1087,12469.148,4706.934,18.741
funnyindian,407271496.0,16.792,4.436,11.278,1780,417,1015,52,81.33,4741.368,1.733
f_francavilla,329097031.0,144.143,79.286,240.714,1009,555,1685,187,31242.714,213831.286,26.714
G2kennyS,223381671.0,19.175,8.2,53.85,767,328,2154,158,36604.625,3948.65,4.051
G2NiKo,144325123.0,23.528,7.627,30.075,1247,389,1594,74,52400.352,3213.407,1.682
GabbyGiffords,336028617.0,23.377,35.667,6.188,1239,1712,297,617,82975.34,103566.019,12.34
gaberivera,406748169.0,22.205,1.692,59.974,866,44,2339,361,1752.846,1116.641,9.256
GalGadot,339391482.0,14.352,2.641,3.533,1550,103,159,152,157537.88,25856.787,4.222
GarbiMuguruza,312528081.0,18.557,5.432,2.957,2134,516,272,78,20540.569,10115.793,1.857
garricn,158086182.0,24.19,35.27,22.366,1016,1305,917,596,85.068,24680.136,17.029
gazneedle,344877209.0,11.652,31.583,92.208,268,758,2213,196,502.375,35255.375,9.8
gcluley,380643282.0,119.625,21.312,62.188,1914,341,995,169,3330.938,113144.062,10.562
gdb,301897311.0,8.529,4.614,20.253,870,323,2005,356,1121.82,749.568,6.846
GelosSnake,329219508.0,24.111,26.528,39.417,868,955,1419,264,468.611,22128.306,7.333
GenesiaR,306991081.0,4.58,25.131,9.916,229,2111,823,53,22.674,2126.18,1.828
geoff_deweaver,367128641.0,92.2,510.8,35.0,461,2554,175,330,270.4,852582.6,66.0
gianluigibuffon,240508684.0,16.556,26.274,2.591,1490,1629,57,42,34789.802,10760.703,1.312
glennmcgrath11,278983102.0,15.0,13.127,13.415,1530,932,711,33,1198.712,556.375,1.941
Gmaxi_32,279047790.0,16.266,8.009,6.456,1773,857,510,279,10519.821,3583.848,4.429
goodman_ang,197101764.0,14.055,12.0,30.4,773,648,1672,115,136.464,8483.143,3.108
GOPChairwoman,187077272.0,174.818,95.727,10.9,1923,1053,109,676,753171.545,462094.727,61.455
GOPLeader,346728672.0,81.357,146.286,3.636,1139,2048,40,556,567100.643,259468.143,39.714
GovChristie,321591111.0,35.557,5.621,2.333,2809,326,105,231,7176.0,2703.253,3.787
GraemeSmith49,323708597.0,16.28,6.683,6.118,2035,675,465,425,5635.738,12276.238,7.203
Graham_IRISC,295519356.0,53.111,50.056,77.222,956,901,1390,851,694.167,27008.0,47.278
grantrobertson1,343061036.0,29.043,24.064,15.447,1336,1131,726,394,3470.064,4342.766,8.756
graydon_pub,300969216.0,22.792,34.083,70.346,547,818,1829,240,1025.5,68567.5,10.0
GregHands,310752013.0,104.5,140.0,25.75,1254,1680,309,679,6038.583,58466.25,56.583
greg_ashman,239718078.0,234.333,108.0,197.5,1406,648,1185,301,2105.167,13123.0,50.167
Guaje7Villa,257152600.0,20.071,5.361,1.844,2268,445,59,381,29606.717,10966.664,6.246
GuardiolaTweets,199083338.0,80.091,36.905,31.636,1762,775,696,335,32391.364,52721.409,15.952
HackneyAbbott,303902728.0,70.1,76.9,15.15,1402,1538,303,492,139594.2,140060.1,24.6
HappyElishas,220558126.0,9.716,6.974,9.694,855,537,475,87,792.34,38282.138,2.636
HargreavesBC,225590317.0,57.3,15.35,9.472,2292,614,341,916,1586.425,5539.65,22.9
harlanhaskins,366867529.0,28.074,16.0,75.593,758,432,2041,197,1633.296,59817.407,7.296
HarrietHarman,346321480.0,50.469,46.0,7.429,1615,1472,156,1070,9227.469,42138.219,33.438
Harry_Styles,297510054.0,20.2,2.702,16.397,2020,127,1033,1,2682115.538,1441130.894,1.0
hasherezade,206282549.0,8.789,115.632,45.316,167,2197,861,219,1657.684,125763.105,11.526
haydenchristen,339989987.0,3.75,2.0,4.0,30,2,20,0,43.556,5.111,0.0
HaydosTweets,281483724.0,12.181,10.387,9.465,1279,779,672,191,3217.385,2394.624,5.969
hazardeden10,265027409.0,9.843,5.896,3.93,1063,395,169,25,36281.481,14503.704,1.25
hegartymaths,237702585.0,11.432,49.73,25.829,423,1840,904,412,400.564,292.795,12.485
henrikstenson,305557751.0,11.652,2.524,3.607,1538,212,220,83,1605.303,289.803,2.075
henrygayle,335578633.0,34.221,13.18,1.731,2327,804,45,591,39455.147,4734.015,10.19
HFletcherWood,225030100.0,21.647,12.853,61.0,736,437,2074,242,562.618,8030.412,7.562
HillaryClinton,214466125.0,35.857,13.529,10.898,2008,690,534,630,1851785.732,434464.607,11.455
hinxminx,280018256.0,26.905,21.048,96.435,565,442,2218,128,698.478,93547.696,7.111
HKane,284467935.0,12.873,4.78,5.816,1622,478,570,158,111061.889,13864.571,2.981
House_Flippin,266733473.0,168.8,1.667,5.667,844,5,17,0,304.429,1194.571,0.0
hugo_larochelle,145346102.0,6.016,17.111,14.662,385,1232,1041,288,386.389,50477.542,4.235
iamevltwin,316335771.0,30.133,74.062,106.467,452,1185,1597,493,711.938,107154.812,32.867
iamtimdavis,345034270.0,3.424,3.271,2.442,291,157,127,32,16.293,5458.576,1.524
iamtrask,227809226.0,10.108,9.296,65.359,374,251,2549,116,2724.564,5841.462,5.043
ianaddison,342500934.0,42.4,21.3,261.1,424,213,2611,94,2395.4,23094.7,9.4
Iiterature,246698856.0,17.525,7.839,28.175,1034,439,1775,589,629.938,795.523,11.327
Ilseman,334817748.0,5.698,8.045,23.13,302,354,1249,156,70.892,20292.508,5.379
imisschalk,216182189.0,16.091,27.227,5.475,1062,1797,334,760,54.091,70501.152,11.692
itsMichaelJ,249006150.0,43.603,13.111,1.0,2747,472,2,5,7499.647,14526.206,1.25
jacindaardern,343717369.0,21.767,3.732,29.39,1306,153,1734,33,10144.215,1624.877,2.357
jacknicklaus,338814537.0,16.923,6.26,4.284,2403,457,287,234,12783.782,1986.507,4.415
JAdomian,264753950.0,16.471,128.588,42.882,280,2186,729,711,10248.294,439282.588,41.824
jahimes,340147287.0,42.135,16.921,27.395,1559,643,1041,683,33335.789,129761.053,18.459
JakeG_Online,311499752.0,19.933,15.143,1.7,1794,1378,17,6,1762.174,10083.37,1.0
JamesFaulkner44,271862235.0,15.331,6.889,14.8,1809,558,814,193,992.294,1469.933,3.509
JamesTheFourth,360478870.0,102.2,107.2,115.4,1022,1072,1154,735,17833.5,111033.1,73.5
jamie_murray,374678642.0,18.0,9.895,5.667,1728,940,510,154,4745.546,10459.753,3.422
jamileeross,283541030.0,18.208,5.394,9.265,1748,356,769,26,135.83,722.72,1.3
JanetDaby,221040692.0,49.676,38.706,7.226,1689,1316,224,984,1763.529,30792.559,28.941
JanetJackson,333495252.0,13.78,4.81,1.455,1750,279,32,140,47040.883,10307.305,3.333
januaryoneil,332235052.0,56.5,123.688,22.067,904,1979,331,324,580.062,707608.188,21.6
JaredLeto,341554749.0,40.188,19.511,13.387,1929,878,415,251,147467.143,34355.306,7.844
jaredpolis,364424156.0,20.196,25.982,11.821,1131,1455,662,268,6451.482,58262.946,5.36
Jaseholder98,286978995.0,6.115,4.906,8.361,746,314,510,81,516.699,257.374,2.793
JasonRoy20,268207835.0,19.413,4.52,8.651,2019,452,718,159,6743.934,12507.575,2.65
Jason_Priestley,331113422.0,35.0,7.667,7.355,2415,322,456,2025,3397.535,1824.014,38.208
jbairstow21,302942708.0,22.053,5.43,8.514,2095,467,613,211,3293.629,1719.021,4.058
JBrokenshire,320849745.0,11.031,10.667,12.17,1070,1024,1144,198,1129.96,4541.111,3.882
JCrossover,263343847.0,159.733,34.071,24.6,2396,477,369,1669,355247.8,297588.267,111.267
jdalrymple,379911494.0,11.792,77.75,45.833,283,1866,1100,101,530.333,235.833,4.591
jeffweiner,345934644.0,29.588,3.397,5.825,2515,214,466,23,1588.322,1720.467,1.353
jenbenka,289727946.0,54.857,48.75,12.071,1536,1365,338,246,3486.107,52590.179,8.786
JennaLucas81,183691273.0,6.571,40.914,45.171,230,1432,1581,197,221.886,17636.8,6.355
JensonButton,343388286.0,29.569,10.514,5.352,2129,736,380,666,36224.542,6032.958,9.38
jeremiahg,374018747.0,40.889,6.278,133.389,736,113,2401,220,1597.778,303.833,12.222
jeremycorbyn,312797677.0,87.417,41.667,6.364,2098,1000,140,300,970651.083,339504.333,12.5
jeremyphoward,298926102.0,32.0,160.1,131.9,320,1601,1319,499,8127.2,144316.8,49.9
JeremyRenner,172559808.0,20.062,3.875,2.237,1605,124,85,149,96216.16,38856.84,3.725
JerryBrownGov,347246235.0,11.793,5.673,5.088,1651,607,173,75,3775.697,2930.697,1.875
jessewldn,342137354.0,16.174,12.478,41.957,744,574,1930,602,1147.413,681.609,13.087
jgebbia,381721087.0,14.66,7.011,12.824,1422,638,1167,195,596.784,25703.814,3.824
JHarden13,334024583.0,20.776,6.649,12.94,2223,379,647,89,51814.907,14492.421,2.171
JHenwick,275453167.0,1.333,2.727,1.722,32,30,31,12,2047.1,12837.875,1.333
JimAllister,345038303.0,60.2,148.8,6.643,903,2232,93,502,8083.867,22398.733,33.467
JimCarrey,333594076.0,17.176,11.5,31.162,1855,161,1153,21,162788.194,34366.389,1.909
jimmy9,335753858.0,8.434,5.523,14.626,953,602,1682,173,6522.6,2173.426,2.883
Jim_Jordan,350548776.0,53.474,29.763,4.647,2032,1131,79,440,1065390.816,304628.816,11.892
jms_dot_py,232618540.0,101.833,124.833,312.667,611,749,1876,459,1485.333,642009.0,76.5
JoannaStern,394513890.0,60.4,16.429,140.933,906,230,2114,239,17852.933,4872.933,15.933
joejonas,316672260.0,33.265,10.984,4.649,2262,670,265,206,348950.13,107777.391,3.745
joelgascoigne,353057851.0,9.692,7.605,63.275,378,289,2531,139,1975.375,13439.2,3.971
johndunford,341170366.0,4.903,40.273,4.41,304,2658,269,498,82.015,26361.403,7.662
johnsundell,282055932.0,31.167,15.944,133.444,561,287,2402,110,5893.222,848.778,6.471
JohnTory,321859978.0,294.75,84.875,26.625,2358,679,213,86,38090.25,15123.625,10.75
JokerEph,248259735.0,3.333,2.273,4.745,130,100,261,66,27.56,52776.587,2.444
JonCruddas_1,250079148.0,15.664,7.741,1.723,1770,836,81,58,166.761,608.027,1.568
JordanaBrewster,278028671.0,15.308,18.768,12.017,1194,1295,721,129,4013.553,13743.376,3.909
jordanrcrook,274953732.0,25.375,7.35,18.714,1624,441,1179,373,202.156,54898.969,6.431
josbuttler,280211670.0,11.631,5.614,15.032,1198,567,1413,259,11076.533,6188.543,3.809
JoshConstine,346987117.0,50.929,12.5,170.5,713,150,2387,189,8323.286,24285.571,13.5
joshduhamel,315804470.0,23.011,10.19,2.824,2140,856,192,405,7903.24,3232.823,9.419
joshuatopolsky,380952801.0,115.333,42.6,57.467,1730,639,862,616,9917.333,467216.867,41.067
joswinson,368016978.0,42.344,24.147,30.882,1355,821,1050,629,42415.257,115069.914,19.061
jovialjoy,346782684.0,6.814,18.5,10.0,477,1369,650,560,550.624,37509.667,10.98
jpduminy21,298043892.0,10.579,15.913,8.226,1005,1464,691,275,5635.253,2585.568,4.044
jtimberlake,341988550.0,19.175,8.24,8.261,1975,824,380,414,113754.495,48709.076,6.273
jtoop,342010167.0,9.436,9.429,5.08,953,924,447,245,49.614,1606.114,5.444
JudithCollinsMP,235087994.0,61.609,32.348,45.652,1417,744,1050,776,6422.783,23635.217,33.739
juliannehough,356948098.0,32.425,8.056,4.657,2594,435,163,63,11438.075,4032.887,2.864
justinbieber,341738318.0,26.913,17.18,7.711,1857,1048,293,322,2161608.797,1075719.159,6.44
JustineGreening,227690499.0,14.894,33.831,1.706,983,2199,29,336,2257.894,7161.409,6.109
k4sh_7,193059639.0,68.333,87.333,21.333,205,524,64,0,20.375,196774.25,0.0
k8em0,363833542.0,129.167,153.0,258.833,775,918,1553,855,13868.833,247586.667,142.5
KAKA,331221274.0,19.366,1.756,15.983,2169,79,959,99,28254.557,10676.661,2.475
KAndersonATP,337796147.0,14.146,5.861,6.64,1740,715,591,185,5634.0,2728.453,3.304
karaswisher,401722058.0,177.25,233.0,401.75,709,932,1607,433,80232.5,299774.0,108.25
karengillan,245736677.0,21.94,9.81,6.841,1843,775,561,366,88977.595,28768.488,5.903
KarenPBuckMP,281017355.0,51.278,70.111,59.0,923,1262,1062,1134,2059.167,44005.944,63.0
karpathy,339700245.0,18.35,5.597,16.825,1468,431,1346,123,6893.2,8261.1,2.016
karriganCSGO,211817634.0,28.591,3.929,17.569,1887,220,1142,139,36347.864,1386.515,2.673
katecrawford,346331874.0,9.758,7.183,32.864,644,431,2169,224,2643.939,12129.212,3.733
kate_manne,177977747.0,51.545,62.636,180.273,567,689,1983,340,32395.545,78138.273,30.909
KathleenOssip,272975135.0,15.662,8.167,20.528,1159,588,1478,192,221.12,39291.547,3.556
katyperry,344823244.0,60.8,3.923,4.682,3040,102,103,407,706743.26,137496.76,8.479
KDTrey5,339115524.0,13.306,5.022,22.194,1304,452,1487,160,101420.529,34688.265,3.556
KelliAgodon,339969088.0,53.615,66.462,128.692,697,864,1673,357,4306.769,272727.154,27.462
kennygfrederick,231855765.0,2.667,1024.667,50.333,8,3074,151,466,154.333,650441.333,155.333
KeshaRose,342154323.0,31.011,3.018,5.727,2822,166,252,81,84004.527,19963.429,2.793
KevinHart4real,343605449.0,79.312,22.483,1.538,2538,652,20,779,192406.594,24150.062,24.344
kevinmitnick,369963981.0,26.571,6.068,10.0,2046,443,740,200,2625.325,3881.584,3.175
KikiMladenovic,232036562.0,21.0,25.952,3.188,1386,1635,153,208,9462.621,4941.212,3.852
KimCattrall,334916387.0,21.889,10.667,40.933,985,416,1842,475,7849.222,19298.844,12.838
KimDotcom,239944589.0,57.871,28.871,31.824,1794,895,541,483,45610.0,144751.548,16.1
KingJames,343640047.0,29.986,10.507,5.467,2189,725,328,1198,1277799.795,285418.247,18.431
kiocsgoo,213406571.0,26.343,4.433,17.727,1765,266,1170,73,15752.284,4060.478,1.825
KllyVe,151668080.0,9.0,3.31,12.8,612,192,832,60,134.93,5348.394,1.538
KostiaKoval,238693255.0,23.8,4.524,64.857,833,95,2270,134,95.135,7545.378,5.583
KP24,299836388.0,80.25,18.2,105.625,1284,273,1690,202,296734.188,35389.688,12.625
KrisAllen,334036924.0,20.859,16.338,8.533,1481,1160,512,114,1127.7,1120.562,3.931
kristenwiigorg,254301404.0,9.189,21.99,3.645,827,2221,113,40,121.618,6943.765,1.667
Kris_Boulton,299051944.0,15.657,26.306,47.27,548,947,1749,354,127.135,12490.73,9.833
KumarSanga2,267277622.0,10.178,8.072,17.485,1201,557,1189,147,14674.39,3267.712,2.94
kwamealexander,345971160.0,26.319,27.326,15.978,1237,1257,735,485,3679.872,17073.596,10.543
kylemooney,337916566.0,7.985,3.045,7.679,1062,268,837,101,659.66,1946.553,2.349
kyle_abraham_,135576573.0,17.311,20.703,5.482,1056,1325,307,220,32.794,35936.206,5.116
ladygaga,373425732.0,27.377,8.514,6.726,2108,630,417,382,967110.727,245372.831,6.367
lamelaza_7,232597251.0,17.89,15.651,4.744,1467,1299,370,32,3880.256,2208.86,1.391
LanceUlanoff,405686886.0,287.5,17.5,236.667,1725,105,1420,404,7004.333,49691.833,67.333
laypay,334030542.0,14.682,56.565,69.0,323,1301,1587,333,1122.304,62072.13,15.857
LBardugo,342902988.0,27.333,6.773,88.692,738,149,2306,521,42227.259,17101.63,19.296
LeaderHoyer,344339219.0,153.062,22.688,28.933,2449,363,434,341,15774.188,32195.0,21.312
leah_moo,263390490.0,32.24,24.12,73.12,806,603,1828,281,297.44,37018.48,11.24
LegoJames,291088760.0,10.464,29.875,17.418,586,1673,958,495,134.661,48634.464,9.0
lennyzeltser,369179511.0,16.603,14.26,13.658,1212,1041,997,317,656.945,2202.63,4.594
LeoDiCaprio,308541347.0,8.298,11.193,1.333,1087,1220,20,176,49110.22,24444.235,3.259
LeslieUggams,242175688.0,11.491,6.393,2.838,1241,537,193,223,363.731,2684.676,3.845
LewisHamilton,290625091.0,21.073,3.25,3.286,864,117,92,58,409449.349,41490.0,2.0
LiamFox,247659144.0,28.85,49.2,5.81,1154,1968,122,301,4444.525,6692.325,7.921
LisaKudrow,283816006.0,7.733,10.264,8.544,812,934,581,48,3960.179,1373.974,1.5
Louis_Tomlinson,323794909.0,17.894,2.507,13.088,1861,188,1191,44,2883982.781,1292317.076,1.467
LoveTinaTurner,189693343.0,3.717,2.95,1.0,171,59,2,7,5849.42,1205.62,1.167
lraitt,332730835.0,46.767,38.3,22.967,1403,1149,689,917,14492.333,30361.433,30.567
luchogarcia14,288431934.0,27.419,2.811,8.181,2358,208,679,531,22257.616,7339.116,6.808
LuisCessaMx,295849525.0,7.832,8.968,8.97,791,834,888,77,1251.984,4138.087,2.139
LuisSuarez9,290671434.0,11.678,1.125,1.188,1413,18,19,34,114775.091,22566.81,1.478
LukeMillerWLAN,154489631.0,14.945,3.7,9.143,1091,185,640,4,12.919,401.203,1.0
Lurn,187047572.0,45.52,5.826,78.72,1138,134,1968,60,21377.6,45517.56,2.857
lvojvodich,339877373.0,26.556,18.155,2.25,1912,1289,36,911,86.181,12986.639,13.014
LynnMelnick,189593250.0,28.357,37.107,48.107,794,1039,1347,378,806.25,39777.679,13.5
Madonna,249254523.0,42.289,1.643,1.182,3214,23,13,7,173145.092,32798.539,1.167
maggiesmithpoet,164326171.0,57.571,153.429,252.143,403,1074,1765,503,39896.714,229929.857,71.857
MahelaJay,267263349.0,27.775,10.423,3.538,2222,813,138,1214,14971.175,6244.125,16.861
MarceloM12,227690835.0,13.731,8.19,2.929,1277,516,123,96,56199.084,21202.284,2.233
margaretmz,336165406.0,9.224,9.921,3.755,618,754,199,123,107.713,1235.688,2.617
MargotRobbie,273567537.0,3.96,1.0,5.857,297,7,123,4,6750.215,1362.684,1.0
MariahCarey,347521869.0,38.673,13.412,8.8,2127,684,396,809,497169.818,95329.236,14.981
MariaSharapova,276157997.0,24.067,10.118,3.897,2142,860,113,746,59153.809,14200.371,10.657
mariobarth,202869584.0,18.646,1.971,1.6,1473,69,24,7,647.635,92.094,1.0
MarkFieldUK,324638103.0,16.713,9.128,1.629,1688,858,57,201,349.951,789.608,6.091
markgurman,360487003.0,53.12,23.52,53.32,1328,588,1333,470,19879.92,40319.84,18.8
MarkMeadows,226445950.0,42.225,34.775,6.045,1689,1391,133,720,354498.075,171414.675,18.462
MarkRPriestley,247739997.0,101.75,211.25,104.286,814,1690,730,665,1339.25,321543.0,83.125
MarkRuffalo,334945373.0,95.5,286.0,22.0,764,2288,176,864,769439.0,1737041.75,108.0
markwahlberg,311031725.0,9.955,2.07,3.0,1334,147,42,139,22585.735,3440.059,2.439
MartinSFP,385472612.0,207.0,87.571,169.143,1449,613,1184,713,1062.0,35180.571,101.857
Martyguptill,284268987.0,11.5,14.3,14.08,1127,1001,1056,38,1343.394,418.279,1.52
MartynReah,346343424.0,54.333,206.667,99.222,489,1860,893,619,602.333,50298.444,68.778
marxjohnson,345385420.0,7.0,21.179,13.464,189,593,377,169,87.286,78579.25,6.036
maryjofoley,334369953.0,46.0,16.273,233.182,506,179,2565,73,2755.182,2265.818,6.636
MaryLouMcDonald,305003305.0,50.786,128.929,51.571,711,1805,722,518,55797.071,21586.429,37.0
mathsjem,180021916.0,28.077,81.538,140.0,365,1060,1820,305,2517.692,4793.923,23.462
math_rachel,212138890.0,32.238,42.762,79.476,677,898,1669,839,7086.857,27435.333,39.952
MattBesser,330333031.0,15.517,6.991,6.25,1862,769,600,311,689.672,367.869,4.785
mattcutts,404621129.0,15.02,10.048,45.156,736,422,2032,205,1427.46,8707.1,4.659
MatthewPerry,340610532.0,11.388,2.738,2.878,1173,115,118,2,22418.19,3610.486,1.0
Matt_LeBlanc,131602399.0,8.034,3.87,9.733,233,89,146,94,12887.088,4784.676,5.529
mat,417757584.0,86.444,200.889,72.222,778,1808,650,460,3662.778,293684.222,51.111
MCHammer,400036167.0,352.0,208.25,249.75,1408,833,999,957,51765.75,52330.5,239.25
MClarke23,320881900.0,32.554,5.872,6.075,2702,229,243,1112,22076.738,2754.369,16.597
mcleod,403724414.0,396.0,340.5,71.75,1584,1362,287,1007,661.5,422006.5,251.75
mer__edith,180012016.0,37.857,281.571,142.0,265,1971,994,878,8526.429,213206.571,125.429
MesutOzil1088,247578429.0,18.644,1.167,2.871,1883,28,89,223,537934.446,105510.624,4.848
mgigaba,140957662.0,39.703,18.333,37.107,1469,605,1039,589,1897.324,2296.459,17.324
mgsiegler,410988751.0,82.455,99.455,113.0,907,1094,1243,498,6065.091,559835.545,45.273
MichaelFullan1,257415498.0,19.357,1.51,5.585,1897,77,458,1454,629.365,272.346,19.387
MichaelPhelps,287896350.0,21.308,9.268,5.0,2280,658,235,80,9987.054,5596.464,2.353
MichaelVaughan,318769202.0,105.12,27.773,1.167,2628,611,7,999,270682.88,40885.68,41.625
MichelleRempel,370817347.0,77.526,22.053,71.316,1473,419,1355,883,41070.0,15015.579,46.474
migueldeicaza,406607865.0,50.5,29.25,732.5,202,117,2930,247,15027.25,49278.75,61.75
MikeIsaac,347940911.0,62.875,44.625,297.875,503,357,2383,199,53657.125,148353.75,24.875
MikeTrout,305840960.0,12.317,12.553,7.575,1281,1293,606,55,32131.324,18198.362,1.667
mikeyfuntime,328243372.0,3.055,2.512,11.0,168,108,748,49,551.207,2986.793,1.885
mikko,343328809.0,52.25,85.5,268.0,418,684,2144,504,19965.375,90206.125,63.0
mims,405500321.0,26.0,2.529,96.5,52,43,193,16,475.529,934.647,8.0
MissaCSGO,156773185.0,6.041,6.259,13.343,296,338,934,42,74.438,3812.411,2.0
missmorenab,285973226.0,19.455,5.991,4.365,2354,659,227,91,25576.379,9790.613,3.138
missyfranklin,265153080.0,14.009,6.434,11.938,1527,637,955,90,3665.848,31434.33,2.143
Mitch_Savage,231575256.0,20.237,3.163,31.95,1194,136,1917,356,21116.4,5716.4,6.357
mizesoundguy,266887085.0,17.677,1.875,86.645,548,15,2686,109,120.742,7988.452,4.542
mjburnsy,353978726.0,14.909,6.647,11.165,1476,565,1150,45,31.78,39137.042,1.607
MNunezOfficial,183983009.0,10.831,31.133,10.056,639,1868,543,400,1250.533,1881.017,6.897
mobrowne,358011825.0,96.909,95.182,102.364,1066,1047,1126,389,5959.636,182196.0,35.364
MoSalah,185628243.0,11.068,2.946,5.455,974,165,360,10,733098.727,63954.636,1.429
moskov,343497366.0,8.056,19.057,63.5,290,667,2286,298,1739.194,92958.417,8.765
MrAndiPrice,235905550.0,135.875,166.0,98.75,1087,1328,790,1140,583.25,1180.75,142.5
MrBoothY6,143538266.0,76.0,16.0,547.8,380,80,2739,74,22253.4,2785.0,14.8
MrJJMitchell,177644946.0,3.621,1.756,4.257,210,79,149,16,5.576,162.667,1.143
MrNishKumar,304135937.0,58.273,44.0,46.667,1282,968,980,1070,157386.227,142166.727,48.636
MRodOfficial,333947417.0,31.363,3.46,5.05,2854,173,202,129,10243.824,5243.066,2.345
mxcl,404352432.0,13.628,3.947,12.788,586,75,422,89,1073.791,6761.279,3.069
n00py1,153373659.0,7.896,25.204,33.245,379,1235,1629,167,430.776,13313.061,3.795
NAFFLY,169437242.0,9.988,3.076,13.387,809,203,1071,23,8691.598,554.463,1.15
NastiaPav,233237158.0,20.094,9.366,6.344,1929,871,387,449,1630.041,801.753,6.507
nathenstridge,326487098.0,6.855,4.922,5.203,521,315,307,37,146.148,6311.506,2.643
NBallingrud,241049903.0,24.969,6.733,70.281,799,202,2249,349,1990.0,13051.5,11.258
neilabercrombie,384711636.0,77.348,55.545,9.75,1779,1222,195,0,59.261,943.043,0.0
neill_bob,190715082.0,20.812,71.906,8.625,666,2301,276,645,1472.094,13531.188,20.156
Nevecampbell10,227983026.0,9.25,20.973,14.279,666,1552,971,192,108.203,2556.73,4.364
newtgingrich,345526912.0,172.231,69.385,5.75,2239,902,69,123,453615.154,170688.615,10.25
neymarjr,302756433.0,25.105,1.86,17.414,2159,80,1010,110,1146069.872,142378.756,2.973
NgatiBird,240408099.0,17.639,9.415,15.678,1464,772,925,93,316.707,1579.152,2.268
nickjonas,332398375.0,40.047,10.185,3.216,2563,550,119,476,433041.625,71281.078,8.207
NickyMorgan01,339413024.0,36.951,32.732,9.439,1515,1342,387,650,2577.293,8098.829,16.25
NicolaSturgeon,302171658.0,53.4,90.15,18.55,1068,1803,371,812,469648.65,115216.45,40.6
NicoRosberg,313586243.0,32.986,4.333,9.483,2408,273,569,659,45094.63,8804.438,9.985
Nigel_Farage,347980973.0,75.212,22.424,1.5,2482,740,12,475,469812.545,139824.576,14.394
nikkikaye,331308806.0,32.492,7.316,15.107,1917,417,846,45,668.033,1713.45,1.8
Ninja,290575146.0,69.111,58.944,50.667,1244,1061,912,266,917817.056,308748.778,14.778
nitr0,166563676.0,30.574,5.519,24.241,1651,287,1309,171,37300.185,17325.333,3.8
nottjmiller,346262230.0,77.2,15.75,38.917,1930,378,934,487,2560.08,64120.44,20.292
novelista,347221406.0,19.577,12.667,10.493,1527,874,703,169,98.963,9905.7,3.189
NSRiazat,336479853.0,34.875,153.933,23.733,558,2309,356,213,163.312,43282.312,14.2
NuliBouli,282996190.0,4.902,6.079,5.0,299,383,210,135,28.781,2854.795,3.0
officialbhoy,316067668.0,4.477,1.54,2.079,488,77,79,47,317.875,10438.312,1.469
olebegemann,286375322.0,15.638,19.87,34.0,735,914,1598,287,1157.106,28391.957,6.378
olofmeister,262263252.0,18.625,9.864,21.969,1192,582,1406,42,33117.422,7539.203,1.273
OphirHarpaz,263708582.0,13.902,7.162,30.783,709,265,1416,271,759.784,9038.294,6.61
ovi8,347772401.0,6.213,2.097,2.783,553,65,64,27,4945.117,1872.543,1.35
owexelstein,352040140.0,14.125,7.655,24.119,904,666,1616,22,4.51,895.656,1.571
pamfoundation,339923156.0,57.4,90.0,17.474,1148,1710,332,70,43967.8,57333.75,4.375
PauDybala_JR,254633893.0,12.21,7.135,3.812,1282,528,183,109,86312.888,17905.215,2.477
paulalbennett,341293471.0,17.577,25.612,16.517,914,1255,958,236,869.19,2105.155,5.13
paulchowdhry,344386942.0,22.692,5.262,4.821,2360,442,405,281,2253.856,812.644,4.46
PaulGAllen,343047044.0,8.959,1.8,4.0,869,54,328,7,3659.806,2207.173,1.167
pcasaretto,375150997.0,3.119,2.615,3.101,340,285,307,78,3.672,2010.971,1.625
peacehearty,338937583.0,25.45,24.443,3.479,1527,1491,167,301,281.377,17996.918,5.574
PepsMccrea,299266355.0,10.632,19.232,27.351,606,1077,1559,386,232.614,2910.561,6.772
PeterJTomasi,266808427.0,54.421,17.263,13.27,2068,656,491,1440,2638.132,28360.868,38.919
Petra_Kvitova,247569114.0,20.514,2.677,6.425,2277,166,469,193,16428.865,1432.189,3.063
pgor,385105428.0,45.042,43.25,46.042,1081,1038,1105,384,228.208,310435.917,16.0
Philjimeneznyc,317692639.0,128.429,98.714,235.714,899,691,1650,811,15867.571,411676.857,115.857
Phil_Coutinho,338244606.0,7.471,1.6,18.059,523,16,307,0,6409.917,3303.542,0.0
pkafka,413096889.0,74.273,52.909,167.818,817,582,1846,558,15246.909,32055.364,50.727
Pogue,387234506.0,24.907,4.061,31.537,1345,199,1703,80,4732.0,14205.833,3.077
pokimanelol,193003178.0,18.955,5.773,122.909,417,127,2704,10,1328299.318,76740.636,1.429
prattprattpratt,284328659.0,22.118,11.311,7.623,2057,690,404,927,155034.495,29934.768,14.045
rabois,346048045.0,36.818,3.125,256.364,405,25,2820,293,12970.091,924.182,26.636
rachelmonline,324884061.0,27.781,10.693,4.071,2028,941,228,88,1071.333,2018.667,2.378
RachelNotley,336587500.0,429.0,149.8,70.8,2145,749,354,337,108202.6,36372.8,67.4
RafaelNadal,268060558.0,21.559,3.037,4.782,2544,246,263,158,69951.449,19842.373,2.981
rafat,362279279.0,137.273,84.727,73.364,1510,932,807,465,1842.909,75504.818,42.273
rameezraja_jr,188729250.0,19.169,7.927,23.612,1131,325,1582,13,601.293,812.747,1.083
randfish,399184310.0,62.0,101.143,300.429,434,708,2103,333,9139.714,410350.571,47.571
RandPaul,289958845.0,42.419,21.952,13.405,1824,922,496,252,380169.698,109526.628,6.3
rblancopoet,222740769.0,19.771,8.306,19.769,1898,299,514,159,157.552,4330.25,7.571
RealBenBailey,246441631.0,12.841,10.18,17.788,1130,621,1423,125,4020.795,3220.159,2.5
RealHughJackman,341824490.0,30.36,2.739,6.305,2702,126,372,167,296533.483,36863.371,3.093
RealJaQuavis,275040525.0,15.239,9.811,10.303,1402,883,917,147,204.38,7235.924,3.419
realmikefox,260440379.0,6.271,2.726,7.062,533,169,113,33,7103.582,3101.516,1.571
Reb_Alexander,194651769.0,21.038,7.266,5.356,1662,465,241,145,216.088,10828.237,2.9
reckless,404242025.0,97.556,34.667,195.222,878,312,1757,335,39001.111,46058.444,37.222
reidhoffman,418464969.0,13.458,24.012,3.237,1117,1993,123,442,1260.429,47824.631,6.5
relativism,326684441.0,12.576,50.824,33.03,415,1728,1090,444,115.0,29744.706,14.323
reneritchie,385094081.0,65.167,124.2,325.8,391,621,1629,278,12360.667,204362.833,55.6
RepBillFoster,222068569.0,51.357,24.833,7.577,2157,894,197,865,5502.048,42247.667,20.595
RepCheri,221719497.0,66.778,8.471,16.879,2404,288,557,358,1905.361,1823.944,10.229
RepCohen,301913379.0,91.913,35.174,13.652,2114,809,314,916,30949.652,73644.174,39.826
RepDougCollins,222689765.0,45.317,5.611,3.417,2855,303,82,371,99220.381,36256.429,6.509
RepJeffries,253073116.0,41.157,5.177,1.5,2881,321,3,174,111792.814,33286.086,3.702
RepKClark,190184773.0,105.9,38.25,18.1,2118,765,362,897,32239.3,63395.75,44.85
RepLeeZeldin,171434053.0,53.841,16.886,4.214,2369,743,118,486,172251.886,106543.886,11.571
RepLipinski,224578614.0,42.158,8.98,6.593,2403,440,356,147,1142.842,1979.912,3.868
RepMikeQuigley,332380157.0,96.963,15.846,8.64,2618,412,216,447,9436.593,33730.481,17.192
RepSteveIsrael,346302870.0,36.944,7.433,2.12,2660,498,53,274,785.028,8934.528,5.074
RickieFowler,339978020.0,15.882,10.615,13.569,1477,828,882,141,9488.6,2779.116,2.878
rihanna,325477347.0,26.939,3.591,5.75,2667,237,276,53,807545.35,215101.3,2.12
rikam99,313387068.0,24.25,26.906,50.062,776,861,1602,346,868.75,88136.781,10.812
rmondello,406405929.0,83.357,49.571,98.214,1167,694,1375,503,3600.071,368002.714,35.929
robbeckettcomic,321096893.0,35.289,15.127,23.0,1588,832,736,494,16965.052,20967.638,12.35
robdelaney,344302840.0,84.0,131.444,143.111,756,1183,1288,509,328490.667,535394.889,56.556
RobertDowneyJr,334799272.0,6.871,3.543,3.423,584,124,89,37,345663.647,73534.294,1.609
RobertMLee,278798476.0,19.429,28.5,68.107,544,798,1907,184,3304.464,20614.464,6.571
robmclennanblog,333450064.0,109.2,336.0,203.6,546,1680,1018,404,1388.0,91354.0,80.8
robodellaz,201668021.0,20.133,179.562,5.417,302,2873,65,672,258.312,419484.0,42.0
rodriguezramon,179478388.0,8.062,6.385,10.926,516,166,295,46,369.809,43042.912,2.3
rogerfederer,214536372.0,14.247,4.84,8.327,1325,363,433,438,191693.263,41294.411,7.684
rogerjpope,137068832.0,10.56,7.0,2.0,264,168,24,84,54.692,11764.615,4.2
RomeshRanga,346409773.0,27.231,15.282,46.121,1062,596,1522,454,39179.897,49252.692,12.611
root66,278659702.0,10.085,7.01,13.281,1180,694,1275,139,7737.924,1196.336,2.574
RossLTaylor,284074243.0,9.222,9.024,21.141,913,749,1501,22,2412.288,874.231,1.692
rrhoover,371585682.0,55.1,11.9,258.0,551,119,2580,152,12988.3,13890.8,15.2
rsalakhu,159821882.0,5.397,9.395,2.0,394,714,44,169,642.312,733.727,3.073
rtraister,347854582.0,37.875,118.438,45.875,606,1895,734,733,83444.188,464218.562,45.812
RubenQuesada_,255647550.0,7.957,12.326,12.766,732,1171,1200,184,33.747,19723.632,4.089
ruhanirabin,405544811.0,458.857,5.0,7.333,3212,15,22,5,87.714,182.0,2.5
rushanaraali,283420257.0,27.5,141.235,25.188,440,2401,403,416,3037.118,264031.647,26.0
RUSH,259819486.0,23.323,3.913,23.769,1516,180,1545,92,14339.273,1552.424,2.14
russwest44,339105634.0,13.75,21.944,10.533,1540,1185,474,65,48524.554,11793.304,2.407
RuthCadbury,315472201.0,82.929,104.357,44.357,1161,1461,621,849,2140.929,54023.0,60.643
rxwei,327933253.0,3.121,4.585,4.188,103,188,134,51,155.143,421.881,1.962
RyanLochte,339292553.0,21.519,7.062,8.574,2281,459,403,14,9216.264,2984.236,1.077
sacca,427215251.0,31.125,159.0,215.0,249,1272,1720,513,46378.125,1399774.25,64.125
sambillings,289887718.0,18.676,19.353,56.735,635,658,1929,262,48524.059,76440.412,7.706
SamTongeWriter,213620544.0,112.8,306.2,231.0,564,1531,1155,266,1266.4,91326.8,53.2
SamuelLJackson,326481176.0,25.841,2.354,4.507,2765,153,320,59,82280.822,23745.206,1.967
sarabaras,260246029.0,19.274,29.397,5.579,1195,1705,318,421,1066.435,1133.097,7.017
sarahcuda,402020656.0,33.447,42.034,27.778,1271,1219,750,1038,328.289,130226.421,38.444
sarahintampa,410489623.0,133.625,31.188,38.25,2138,499,612,160,725.562,203058.25,10.667
SarfarazA_54,242891185.0,7.585,13.268,15.538,493,1088,808,173,19515.276,4839.69,4.553
satyanadella,345669266.0,8.082,5.578,1.889,792,463,68,245,8389.293,3697.434,3.657
SBYudhoyono,215616491.0,41.303,3.125,3.6,3139,25,36,0,23050.896,24450.039,0.0
Scarlett_Jo,331741283.0,4.915,10.412,2.0,231,531,18,15,3307.315,29749.704,1.5
schemaly,336304348.0,71.556,237.0,46.889,644,2133,422,654,10167.111,761290.667,72.667
schneierblog,349353042.0,32.828,0.0,0.0,3250,0,0,0,879.808,944.182,0.0
Sdoull,307083229.0,6.83,6.951,21.926,601,570,2061,138,1676.821,1406.147,2.509
seanjtaylor,345236674.0,39.579,35.0,96.263,752,665,1829,408,6030.789,39486.789,21.474
selenagomez,343438995.0,23.069,7.493,5.639,2330,547,344,221,553029.886,249884.048,6.314
SenatorLujan,347410768.0,79.0,18.893,14.724,2291,529,427,461,4361.517,19596.759,15.897
SenJohnMcCain,347278649.0,101.926,13.185,4.381,2752,356,92,127,297691.963,83734.259,5.292
serenawilliams,341981967.0,24.99,3.529,6.899,2399,247,545,108,80050.567,16475.67,3.484
SergioRamos,304497747.0,25.229,3.311,7.489,2649,245,352,222,237094.295,65735.848,3.265
Sethrogen,255487328.0,16.312,7.778,78.625,522,210,2516,219,1105580.156,178195.812,6.844
shakira,335946113.0,31.845,18.071,7.458,1847,1012,358,131,323607.707,44176.793,3.359
ShaneWarne,322769604.0,53.525,2.103,1.625,3158,61,26,1243,52987.034,3916.0,21.068
shoxCSGO,186526229.0,31.632,9.649,15.632,1803,550,891,199,20829.123,6149.789,3.755
shroud,207948629.0,43.476,5.4,29.854,1826,189,1224,87,188999.333,25315.357,3.107
sianberry,252144694.0,48.0,504.8,119.25,240,2524,477,777,11344.8,84106.6,155.4
Simona_Halep,175580221.0,8.328,1.167,3.214,533,14,135,130,35289.606,2378.985,3.333
simonhelberg,296245177.0,12.406,22.583,6.315,1191,1626,341,329,2305.822,54082.782,14.955
SirMattBourne,338866983.0,29.241,47.448,35.069,848,1376,1017,577,8153.517,18925.621,19.897
Ska,227678791.0,22.392,4.338,15.162,1769,295,1122,63,15846.101,1865.177,1.853
Smatz88,182557413.0,2.854,4.52,4.643,117,226,65,27,1427.817,1140.35,1.688
SmileyKeith,371505173.0,12.073,3.321,45.273,664,93,2490,162,434.382,41946.636,3.6
smithzz,338394313.0,1.667,0.0,3.0,5,0,3,0,0.0,0.0,0.0
soumithchintala,328145763.0,6.4,5.931,13.318,544,516,1172,147,789.637,1442.99,2.625
SpeakerTrevor,339800996.0,15.733,128.533,72.133,236,1928,1082,337,1096.0,15215.933,22.467
stanwawrinka,329879966.0,16.451,20.357,6.35,1349,1425,381,250,29059.11,13961.22,4.902
SteelyDan66,134474051.0,16.623,2.579,9.197,1147,98,607,174,7406.217,1005.913,4.047
stephenharper,395837056.0,30.926,5.346,1.0,2907,278,5,46,8913.011,5208.83,1.643
stevenljoyce,264978741.0,25.73,6.895,14.583,1904,262,1050,135,574.284,370.676,2.5
SteveScalise,218440153.0,54.682,89.409,2.9,1203,1967,29,748,307744.591,183238.273,34.0
stevesilberman,348791561.0,249.75,376.75,183.75,999,1507,735,648,59192.25,453834.25,162.0
stevesmith49,296600582.0,13.252,2.455,8.688,1683,135,695,49,10081.302,910.24,2.042
SteveWorks4You,222733251.0,0.0,1075.333,0.0,0,3226,0,577,0.0,601691.333,192.333
stevewoz,343726540.0,42.493,1.667,5.0,3102,5,95,4,2481.192,1738.466,1.0
Stewie,137101856.0,30.792,5.432,31.875,1478,239,1530,80,100017.5,8124.646,2.222
StuartBroad8,292658103.0,24.592,11.49,29.58,1205,563,1479,578,41930.18,6380.3,11.796
summit1g,202265867.0,64.208,6.667,64.542,1541,160,1549,116,196939.375,14007.083,5.043
sundarpichai,374695687.0,5.702,4.893,2.724,747,592,207,205,18613.856,8414.082,3.203
sungkang,284948435.0,16.714,9.667,14.283,1287,493,757,38,1298.778,1108.012,3.8
SusanWojcicki,361420549.0,12.33,3.6,2.39,1233,288,98,356,5747.446,13909.01,5.562
SvetlanaK27,317132496.0,19.671,13.069,5.192,1672,1137,270,294,592.849,5670.161,6.533
Swannyg66,335753086.0,26.206,13.984,11.897,1651,895,690,971,8523.703,25208.844,15.413
S_Hammond,334763138.0,27.72,85.08,17.167,693,2127,412,517,1310.56,34439.68,20.68
TajyMany,141643625.0,10.985,28.47,8.429,725,1879,531,285,293.879,695.576,5.0
TamaraRojo1,276621631.0,20.75,51.556,17.806,747,1856,641,576,785.944,6167.056,16.0
TaranKillam,333408124.0,25.475,24.256,31.675,1019,946,1267,646,6279.875,232145.9,16.564
tarik,257836783.0,42.675,8.417,30.875,1707,303,1235,68,82848.275,17381.55,2.0
tauhenare,315767297.0,178.75,105.25,527.25,715,421,2109,156,5335.75,60948.0,39.0
taylorswift13,351438546.0,11.949,4.19,5.136,466,88,113,61,1971272.175,329187.775,2.773
tdpaine36,287246238.0,4.558,11.575,14.009,392,1308,1541,145,243.319,1101.062,2.377
teachwithsoul,348779297.0,30.789,37.525,14.921,1170,1501,567,665,114.3,46734.85,17.051
TeamBachmann,357683290.0,25.845,15.133,7.059,1499,454,120,0,39.22,493.831,0.0
TeUruroaFlavell,280365561.0,21.671,11.978,9.754,1712,551,595,43,107.506,90.506,2.263
TheBorisBecker,305887146.0,69.875,57.478,13.941,1677,1322,237,1397,9337.08,119703.16,58.208
thecompdog,299236237.0,16.963,15.704,26.036,916,848,1458,390,1384.393,27111.143,7.959
thedanjurgens,278725302.0,29.826,4.321,38.196,1372,121,1757,843,5368.457,797.717,18.326
TheEllenShow,361310958.0,116.375,2.85,18.136,2793,57,399,132,846910.375,143332.042,6.286
TheElliotPage,281663734.0,11.349,58.977,3.935,488,2595,122,850,81726.152,214765.043,19.318
theferocity,362640034.0,201.75,122.25,487.0,807,489,1948,404,334559.0,354961.75,101.0
theJagmeetSingh,282090100.0,91.125,20.273,25.708,2187,446,617,519,111470.167,23552.25,21.625
thelaceylondon,164450547.0,181.692,67.231,1.5,2362,874,12,14,7357.077,3374.846,2.8
TheLewisTan,215644327.0,23.395,8.7,55.158,889,261,2096,211,16903.632,16438.868,6.206
TheLucasBlack,244329770.0,16.593,4.891,5.902,1792,313,360,32,3623.315,2372.231,1.524
TheRealAliL,273797465.0,24.87,4.333,6.235,2487,260,318,11,666.692,1817.317,1.222
TheRealLukevans,272903305.0,19.808,6.965,7.258,1961,592,646,116,30836.848,15300.04,2.578
TheRock,282534350.0,57.879,23.0,18.03,1910,736,595,1194,456893.758,51022.606,37.312
thesheertruth,344575918.0,6.727,10.542,3.186,518,1128,223,89,251.174,3336.461,2.543
TheSlyStallone,297151379.0,24.868,4.111,5.455,2263,37,120,6,32477.242,5793.648,1.0
TianaClarkPoet,199231759.0,18.375,17.0,167.438,294,272,2679,218,2533.562,23609.812,15.571
Tian_Beng_Ng,305745502.0,5.741,3.481,1.692,333,94,22,39,46.983,60.19,1.773
TigerWoods,340013508.0,8.881,2.56,1.083,1119,128,13,81,47373.68,8242.43,1.761
timberners_lee,323771413.0,3.569,3.759,2.821,439,406,220,76,1335.321,7813.007,1.949
TimeaOfficial,179760110.0,13.403,5.803,6.338,965,412,431,220,2097.146,3592.5,4.681
timoreilly,405038755.0,28.8,44.029,19.743,1008,1541,691,734,1734.4,83322.886,20.971
tkremenek,334033040.0,2.258,4.871,4.624,201,341,393,37,133.295,10472.984,1.542
tombennett71,291736660.0,116.0,198.75,496.25,464,795,1985,592,7477.75,131233.0,148.0
TomHolland1996,238829435.0,10.084,4.333,5.106,837,273,240,85,143394.034,46060.483,2.833
TomKingTK,339303391.0,93.545,120.6,91.455,1029,1206,1006,777,52946.636,147763.636,70.636
TomPelphrey,164700900.0,7.382,8.058,12.812,561,556,884,157,1062.125,122534.6,3.568
TomTaylorMade,277469551.0,120.667,107.167,312.833,724,643,1877,700,53423.0,67267.0,116.667
TonyDanielx2,201053148.0,31.119,10.548,35.548,1307,443,1493,348,7838.548,19193.5,8.286
TonyTodd54,268122803.0,183.0,423.4,33.6,915,2117,168,124,5718.0,337831.4,24.8
Torres,260894209.0,9.319,8.014,1.645,848,585,51,63,46769.473,21516.624,1.853
travisk,386529335.0,8.809,9.484,30.532,599,607,1893,32,563.676,1795.392,1.524
troyhunt,371608068.0,90.857,54.0,319.429,636,378,2236,238,17287.143,12106.0,34.0
twhiddleston,261362354.0,13.394,5.569,16.8,884,284,672,27,65410.015,27516.284,2.455
Twistzz,155236930.0,21.576,6.727,27.22,1273,370,1606,162,20147.678,12849.169,3.176
twostraws,332640615.0,58.375,12.5,335.125,467,100,2681,191,14962.5,3508.875,23.875
UINT_MIN,240083631.0,17.0,18.773,112.545,357,413,2476,308,629.455,48938.955,14.0
Uz_Khawaja,289403679.0,14.102,2.75,14.375,1523,165,1150,56,2189.587,1266.22,1.867
ValaAfshar,280924111.0,577.333,479.333,25.0,1732,1438,75,88,361200.0,1136884.667,29.333
ValtteriBottas,220156240.0,26.286,23.19,3.421,1656,1461,130,128,68078.825,10286.905,2.667
VancityReynolds,162978453.0,13.875,3.561,21.5,1110,203,1118,403,785371.537,147040.038,6.015
vanessabayer,178431208.0,7.709,7.418,7.429,609,497,520,164,2012.732,11585.256,2.733
VChangPoet,226831187.0,47.389,48.5,83.167,853,873,1497,187,5045.667,54463.611,11.0
vika7,320607858.0,35.013,5.092,5.577,2766,331,145,838,20943.81,5405.051,13.094
vilgaCS,320769065.0,15.82,3.5,45.7,791,168,2285,169,973.32,7453.08,3.674
VP44,270694338.0,44.763,9.161,2.667,2641,513,40,33,38740.0,19261.678,2.538
waqyounis99,129431451.0,10.806,4.128,5.28,670,161,132,95,30638.468,4226.323,2.5
wasimakramlive,291382904.0,8.516,2.5,3.196,1073,190,163,121,30862.429,4012.484,2.469
WatsEd,181315133.0,44.636,51.091,50.773,982,1124,1117,326,304.364,39838.455,14.818
WayneRooney,276653568.0,13.579,7.204,7.367,1643,814,582,180,83061.837,38895.252,3.158
WhipClyburn,296111378.0,58.0,44.1,6.889,1740,1323,186,184,43643.967,78055.867,6.133
WilliamShatner,365626508.0,426.571,13.571,24.143,2986,95,169,2682,264241.714,71057.286,383.143
Williamson_Josh,344543325.0,37.211,113.895,19.789,707,2164,376,417,9720.684,101947.053,21.947
wkamaubell,347777929.0,95.75,45.583,129.417,1149,547,1553,600,195316.917,320122.083,50.0
wongrel,339329325.0,7.256,6.144,11.874,936,725,1508,238,567.141,12109.459,3.662
Writer_DG,298999718.0,130.091,157.0,9.222,1431,1727,83,1630,63738.545,19194.545,148.182
ylecun,334742049.0,33.667,52.222,94.556,606,940,1702,707,11359.889,103574.556,39.278
YNk,152954951.0,26.972,21.75,41.028,971,783,1477,369,19061.694,37066.194,10.543
zAAzCSGO,259329818.0,18.549,6.052,33.552,946,351,1946,115,2264.175,824.683,3.194
ZacEfron,250755820.0,11.788,7.083,4.286,1226,425,150,71,151466.827,32105.49,2.448
ZacGoldsmith,344243349.0,37.231,74.731,12.76,968,1943,319,975,17144.346,60174.346,37.5
zaynmalik,298605950.0,16.358,4.602,9.895,2012,382,752,198,1332010.593,833547.724,5.5
zeynep,329822858.0,34.6,75.2,540.2,173,376,2701,601,95209.0,56241.4,120.2
zpower,367400475.0,346.8,15.75,280.4,1734,63,1402,383,4732.2,31254.2,76.6
